DivisionNm,PartyAb,PartyNm,Surname,GivenNm
Goldstein,ALP,Australian Labor Party,ABBOTT,Martyn
Calwell,GVIC,The Greens,ABBOUD,Natalie
Tangney,GRN,The Greens (WA),ABDUL RAZAK,Adam
La Trobe,LDP,Liberal Democrats,ABELMAN,Michael
La Trobe,ALP,Australian Labor Party,ABHIMANYU KUMAR,
Corangamite,UAPP,United Australia Party,ABOU-ZEID,Daniel William
Flinders,LDP,Liberal Democrats,ABRAHAM,Chrysten
Groom,ON,Pauline Hanson's One Nation,ABRAHAM,Grant
Hume,IND,Independent,ACKERY,Penny
Corio,AJP,Animal Justice Party,ADAMS,Naomi
Bennelong,GRN,The Greens,ADAMS,Tony
Lingiari,IND,Independent,ADAMSON AGARS,Imelda
Pearce,LP,Liberal,AITKEN,Linda
Forrest,GAP,The Great Australian Party,AITKEN,Tracy Nyree
Watson,LP,Liberal,AKTER,Sazeda
Grayndler,ALP,Labor,ALBANESE,Anthony
Scullin,UAPP,United Australia Party,ALBARRI,Yassin
Indi,AJP,Animal Justice Party,ALEKSOV,Angel
Forrest,UAPP,United Australia Party,ALLAN,Helen
Higgins,LP,Liberal,ALLEN,Katie
Groom,ALP,Australian Labor Party,ALLPASS,Gen
Sturt,ON,Pauline Hanson's One Nation,ALLWOOD,Alexander
Adelaide,ON,Pauline Hanson's One Nation,ALLWOOD,Gayle
Adelaide,UAPP,United Australia Party,ALLWOOD,Sean
Cowan,ALP,Australian Labor Party,ALY,Anne
Bean,ON,Pauline Hanson's One Nation,AMBARD,Benjamin
Holt,ON,Pauline Hanson's One Nation,AMBARD,Sandy
Cowan,AJP,Animal Justice Party,ANAGNO,Michael
Higgins,ALP,Australian Labor Party,ANANDA-RAJAH,Michelle
Kooyong,IND,Independent,ANDERSON,Will
Moore,GAP,The Great Australian Party,ANDERSSON,Sue
Fisher,ALP,Australian Labor Party,ANDREWS,Judene
McPherson,LNP,Liberal National Party of Queensland,ANDREWS,Karen
Sydney,LP,Liberal,ANDRUSKA,Alexander
Macnamara,ON,Pauline Hanson's One Nation,ANNE,Debera
Maribyrnong,CYA,Australian Federation Party,ANSALONE,Alexander Anthony
Chisholm,CYA,Australian Federation Party,ANTONIE,Anthea
Bass,LP,Liberal,ARCHER,Bridget Kathleen
Wide Bay,GRN,Queensland Greens,ARMSTRONG,Craig
North Sydney,GRN,The Greens,ARMSTRONG,Heather
Corangamite,LP,Liberal,ASHER,Stephanie
Cowper,ON,Pauline Hanson's One Nation,ASPIOTIS,Faye
Greenway,GRN,The Greens,ATKINS,Damien
Cooper,LP,Liberal,ATKINSON,Jadon
Mallee,ON,Pauline Hanson's One Nation,ATKINSON,Vanessa
Lyne,GRN,The Greens,ATTENBOROUGH,Karl
Lyne,IND,Independent,ATTKINS,Steve
Bennelong,SOPA,"FUSION: Science, Pirate, Secular, Climate Emergency",AUGUST,John
Fairfax,IND,Independent,AUSTRALIE,Sinim Barbara
Parkes,ALP,Labor,AYOUB,Jack
Bruce,UAPP,United Australia Party,BABET,Matt
Perth,ON,Pauline Hanson's One Nation,BAILEY,Cameron
Paterson,LDP,Liberal Democrats,BAILEY,Sonia
Hume,ALP,Labor,BAINES,Greg
Reid,IND,Independent,BAINI,Natalie
Bass,AJP,Animal Justice Party,BAKER,Alison
Mallee,IND,Independent,BALDWIN,Sophie
Mackellar,UAPP,United Australia Party,BALL,Christopher Thomas
Herbert,GAP,The Great Australian Party,BALLARD,Larna
Flynn,GRN,Queensland Greens,BAMBRICK,Paul
Wright,CYA,Australian Federation Party,BANASIAK,Shonna-Lee
Melbourne,GVIC,The Greens,BANDT,Adam
Cooper,AJP,Animal Justice Party,BANGAAR,Rabin
Groom,UAPP,United Australia Party,BANNISTER,Melissa
Bendigo,LDP,Liberal Democrats,BANSEMER,Matt
Sturt,ALP,Australian Labor Party,BARAM,Sonja
O'Connor,GAP,The Great Australian Party,BARBER,Brenden
Lalor,LDP,Liberal Democrats,BARCATTA,Patrizia
McEwen,GVIC,The Greens,BARKER,Neil
Corangamite,LDP,Liberal Democrats,BARKER,Paul
Dobell,SOPA,"FUSION: Science, Pirate, Secular, Climate Emergency",BARNES,Geoff
Ballarat,GVIC,The Greens,BARNES,John
Deakin,CYA,Australian Federation Party,BASTIN,Samantha
Franklin,TLOC,The Local Party,BATEMAN,Anna
Brisbane,GRN,Queensland Greens,BATES,Stephen
Chifley,ON,Pauline Hanson's One Nation,BATISH,Amit
Dickson,GRN,Queensland Greens,BATTEN,Vinnie
Spence,CYA,Australian Federation Party,BAWDEN,Matilda
Leichhardt,AJP,Animal Justice Party,BAYLY,Susanne
Isaacs,LP,Liberal,BEATON,Robbie
Canning,WAP,WESTERN AUSTRALIA PARTY,BEDFORD,Brad
Moncrieff,LNP,Liberal National Party of Queensland,BELL,Angie
Mayo,ALP,Australian Labor Party,BELL,Marisa
Richmond,ON,Pauline Hanson's One Nation,BELL-HENSELIN,Tracey
Casey,UAPP,United Australia Party,BELLVE,Anthony Sebastian
Calwell,CYA,Australian Federation Party,BENGTSSON,Maria
Wide Bay,UAPP,United Australia Party,BENNETT,Tracy
Dunkley,IND,Independent,BERGWERF,Darren
McPherson,UAPP,United Australia Party,BERRIGAN,Joshua Lawrence
Groom,GRN,Queensland Greens,BERRY,Mickey
Moncrieff,AJP,Animal Justice Party,BERRY-LAW,Sonia Michelle
Maribyrnong,UAPP,United Australia Party,BESANKO,Darren
O'Connor,WAP,WESTERN AUSTRALIA PARTY,BESSANT,Morris
Hotham,LP,Liberal,BEVINAKOPPA,Savitri
Blair,LNP,Liberal National Party of Queensland,BIGGINS,Sam
Richmond,LDP,Liberal Democrats,BIGGS,Gary
Hawke,IND,Independent,BINGHAM,Jarrod James
Nicholls,NP,The Nationals,BIRRELL,Sam
Wills,VNS,Victorian Socialists,BLACK,Emma
Durack,NP,The Nationals,BLAYNEY,Ian
Mayo,LP,Liberal,BLUCK,Allison
Braddon,UAPP,United Australia Party,BOBBERMIEN,Darren Scott
Lalor,GVIC,The Greens,BODDEKE,Jack
Bradfield,IND,Independent,BOELE,Nicolette
Canberra,IND,Independent,BOHM,Tim
Melbourne,VNS,Victorian Socialists,BOLGER,Colleen
Wills,SAL,Socialist Alliance,BOLTON,Sue
Solomon,LDP,Liberal Democrats,BONANNI,Kylie
Hunter,IND,Independent,BONDS,Stuart
Werriwa,ON,Pauline Hanson's One Nation,BOOKE,Adam Paul
Jagajaga,ON,Pauline Hanson's One Nation,BOOKER,John
Melbourne,UAPP,United Australia Party,BORG,Justin
Robertson,CEC,Citizens Party,BORTHWICK,Paul
Greenway,IND,Independent,BOSI,Riccardo Umberto Guerrino
Berowra,ON,Pauline Hanson's One Nation,BOSMA,Rhiannon
North Sydney,SPP,Sustainable Australia Party - Stop Overdevelopment / Corruption,BOURKE,William
Kingston,LP,Liberal,BOURNE,Kathleen
McMahon,ALP,Labor,BOWEN,Chris
Lyons,LP,Liberal,BOWER,Susie
Flynn,LNP,Liberal National Party of Queensland,BOYCE,Colin
McEwen,ON,Pauline Hanson's One Nation,BRADBURY,Chris
Gellibrand,ON,Pauline Hanson's One Nation,BRADDOCK,Rob
Parramatta,GRN,The Greens,BRADLEY,Phil
Swan,WAP,WESTERN AUSTRALIA PARTY,BRADLEY,Rod
Barker,ALP,Australian Labor Party,BRAES,Mark
Kennedy,ALP,Australian Labor Party,BRANDON,Jason
Boothby,AJP,Animal Justice Party,BRAY,Frankie
Fisher,AJP,Animal Justice Party,BRECKENRIDGE,Vickie
Isaacs,GVIC,The Greens,BRESKIN,Alex
Bradfield,ALP,Labor,BRIGDEN,David Gordon
Braddon,GRN,The Greens,BRIGGS,Darren
Moore,ON,Pauline Hanson's One Nation,BRIGHTMAN,Brian
Casey,ALP,Australian Labor Party,BRINDLE,Bill
Cunningham,UAPP,United Australia Party,BRITTON,Ben
Farrer,ASP,"Shooters, Fishers and Farmers Party",BRITTON,Paul
Moncrieff,GRN,Queensland Greens,BROADBENT,April
Monash,LP,Liberal,BROADBENT,Russell
Newcastle,AJP,Animal Justice Party,BROLLO,Emily
Fadden,IND,Independent,BROOKER,Stewart Gordon
Nicholls,LP,Liberal,BROOKS,Steve
Aston,TNL,TNL,BRUCE,Ryan
Dickson,IND,Independent,BUCHBACH,Alan
Wright,LNP,Liberal National Party of Queensland,BUCHHOLZ,Scott
Wide Bay,ON,Pauline Hanson's One Nation,BUCKLEY,Nathan
Brisbane,LDP,Liberal Democrats,BULL,Anthony
Corio,SAL,Socialist Alliance,BULL,Sue
Watson,ALP,Labor,BURKE,Tony
Curtin,WAP,WESTERN AUSTRALIA PARTY,BURN,Bill
Spence,ALP,Australian Labor Party,BURNELL,Matt
Flynn,ALP,Australian Labor Party,BURNETT,Matt
Barton,ALP,Labor,BURNEY,Linda
Macnamara,ALP,Australian Labor Party,BURNS,Josh
Boothby,IND,Independent,BUSUTTIL,Paul
Eden-Monaro,AUD,Australian Democrats,BUTLER,Greg
Hindmarsh,ALP,Australian Labor Party,BUTLER,Mark
Griffith,ALP,Australian Labor Party,BUTLER,Terri
Cunningham,ALP,Labor,BYRNES,Alison
Whitlam,LP,Liberal,CAINS,Mike
Cowan,CYA,Australian Federation Party,CALAUTTI,Michael
Reid,LDP,Liberal Democrats,CAMERON,Andrew
Farrer,ALP,Labor,CAMERON,Darren Michael
Bennelong,LDP,Liberal Democrats,CAMERON,Dougal
Cook,ON,Pauline Hanson's One Nation,CAMERON,Gaye
Clark,ON,Pauline Hanson's One Nation,CAMERON,Michelle
Hughes,ALP,Labor,CAMPBELL,Riley
Kennedy,UAPP,United Australia Party,CAMPION,Peter
Grey,IND,Independent,CARMODY,Richard
Deakin,LDP,Liberal Democrats,CARR,Harrison
Boothby,GRN,The Greens,CARTER,Jeremy
Burt,ON,Pauline Hanson's One Nation,CARTER,Travis
Lyne,ON,Pauline Hanson's One Nation,CASHMAN,Josephine
Burt,CYA,Australian Federation Party,CASTLE,Michele
Berowra,IND,Independent,CASWELL,Benjamin
Rankin,ALP,Australian Labor Party,CHALMERS,Jim
Spence,ON,Pauline Hanson's One Nation,CHAMPION,Linda
Griffith,GRN,Queensland Greens,CHANDLER-MATHER,Max
Curtin,IND,Independent,CHANEY,Kate
Tangney,ON,Pauline Hanson's One Nation,CHANG,Tshung-Hui
Mayo,AJP,Animal Justice Party,CHAPLIN,Padma
Gellibrand,VNS,Victorian Socialists,CHARLES,Andrew
Parramatta,ALP,Labor,CHARLTON,Andrew
Jagajaga,GVIC,The Greens,CHASE,Liz
Cowper,LDP,Liberal Democrats,CHASELING,Simon
Menzies,LDP,Liberal Democrats,CHEESMAN,Greg
Gippsland,NP,The Nationals,CHESTER,Darren
Bendigo,ALP,Australian Labor Party,CHESTERS,Lisa
Bean,IND,Independent,CHRISTIE,Jamie
Nicholls,GVIC,The Greens,CHRISTOE,Ian
Parramatta,IND,Independent,CHRISTOU,Steve
Sydney,SAL,Socialist Alliance,CHUTER,Andrew
Riverina,IND,Independent,CIAVARELLA,Darren
Petrie,AJP,Animal Justice Party,CICCHITTI,Chris
Fairfax,ON,Pauline Hanson's One Nation,CIVITARESE,Nikki
Blaxland,ALP,Labor,CLARE,Jason
Herbert,IND,Independent,CLARE,Steven
Boothby,UAPP,United Australia Party,CLARK,Graeme
Gellibrand,LP,Liberal,CLARK,Monica
Hasluck,WAP,WESTERN AUSTRALIA PARTY,CLARK,Pauline
Berowra,SOPA,"FUSION: Science, Pirate, Secular, Climate Emergency",CLARKE,Brendan Michael
Rankin,AJP,Animal Justice Party,CLARKE,Suzanne
Newcastle,ALP,Labor,CLAYDON,Sharon
Clark,LP,Liberal,COATS,Will
Banks,LDP,Liberal Democrats,COCKER,Elouise Ivy
Corangamite,ALP,Australian Labor Party,COKER,Libby
Casey,IND,Independent,COLE,Craig
Banks,LP,Liberal,COLEMAN,David
Franklin,ALP,Australian Labor Party,COLLINS,Julie
Bennelong,UAPP,United Australia Party,COLLYER,Rhys Ian
Cowper,NP,The Nationals,CONAGHAN,Pat
Canning,IMO,Informed Medical Options Party,CONGRENE,Judith
Cowan,LP,Liberal,CONNELLY,Vince
Kooyong,AUVA,Australian Values Party,CONNOLLY,David
Dobell,GRN,The Greens,CONNOR,Cath
Gorton,ON,Pauline Hanson's One Nation,CONNOR,Daniel
Perth,GAP,The Great Australian Party,CONNOR,Sean
Shortland,ALP,Labor,CONROY,Pat
Gilmore,LP,Liberal,CONSTANCE,Andrew
Bean,UAPP,United Australia Party,CONWAY,Sean
Newcastle,UAPP,United Australia Party,COOK,Amanda
Aston,GVIC,The Greens,COOKSON,Asher
Rankin,ON,Pauline Hanson's One Nation,COOKSON,Glen
Dunkley,LP,Liberal,COOMBES,Sharn
Oxley,UAPP,United Australia Party,COOMBES,Timothy
Moore,GRN,The Greens (WA),COOPER,Mark
Ryan,LDP,Liberal Democrats,COORY,Damian
Ryan,ALP,Australian Labor Party,COSSAR,Peter
Rankin,GRN,Queensland Greens,COTTER,Neil
Boothby,ON,Pauline Hanson's One Nation,COUCH,Bob
Deakin,ON,Pauline Hanson's One Nation,COUGHLAN,Natasha
Parkes,NP,The Nationals,COULTON,Mark
Leichhardt,ON,Pauline Hanson's One Nation,COURT,Geena
Bradfield,GRN,The Greens,COUSINS,Martin
Kennedy,GRN,Queensland Greens,COX,Jennifer
Mitchell,GRN,The Greens,COX,Matt
Kooyong,ON,Pauline Hanson's One Nation,COYNE,Josh
Rankin,UAPP,United Australia Party,CRANK,Jeff
Dawson,GRN,Queensland Greens,CREEN,Paula
Brand,AUC,Australian Christians,CRICHTON,Jayne
Leichhardt,SOPA,"FUSION: Science, Pirate, Secular, Climate Emergency",CROPP,Adam
Moncrieff,IMO,Informed Medical Options Party,CUDMORE,Timothy
McPherson,AUVA,Australian Values Party,CULLEN,Andy
Curtin,CYA,Australian Federation Party,CULLITY,Judith
Blair,UAPP,United Australia Party,CUNNINGHAM,Quinton Stewart
Fraser,LDP,Liberal Democrats,CURSIO,Anthony
Hawke,UAPP,United Australia Party,CUTHBERTSON,Andrew Glenn
Corangamite,DHJP,Derryn Hinch's Justice Party,D'ARGENT,Jean-Marie
Maribyrnong,LP,Liberal,D'SILVA,Mira
Maribyrnong,VNS,Victorian Socialists,DADICH,Daniel Nair
Pearce,UAPP,United Australia Party,DALBY,Trevor Richard
Kooyong,DHJP,Derryn Hinch's Justice Party,DALE,Michele
Melbourne,LP,Liberal,DAMCHES,James
Ryan,CYA,Australian Federation Party,DANCOISNE,Axel
Mitchell,UAPP,United Australia Party,DANIEL,Linda
Goldstein,IND,Independent,DANIEL,Zoe
Reid,UAPP,United Australia Party,DAOUD,Jamal
Chisholm,CEC,Citizens Party,DARE,Ryan
Franklin,GRN,The Greens,DARKO,Jade
Rankin,LNP,Liberal National Party of Queensland,DARWEN,Paul
Farrer,GRN,The Greens,DAVERN,Eli
Indi,ALP,Australian Labor Party,DAVID,Nadia
Clark,AJP,Animal Justice Party,DAVIES,Casey
Hunter,AJP,Animal Justice Party,DAVIES,Victoria
Clark,ALP,Australian Labor Party,DAVIS,Simon
Kingsford Smith,GRN,The Greens,DAVIS,Stuart
Nicholls,CEC,Citizens Party,DAVY,Jeff
Bass,ON,Pauline Hanson's One Nation,DAVY,Melanie
Kingston,IND,Independent,DE JONGE,Rob
Hume,LDP,Liberal Democrats,DE LIMA,Joaquim Eduardo
Fraser,ON,Pauline Hanson's One Nation,de PYLE,Sabine
Bruce,ON,Pauline Hanson's One Nation,DEANS,Hayley
Page,ALP,Labor,DEEGAN,Patrick
Spence,GRN,The Greens,DEEX,David
Fadden,ALP,Australian Labor Party,DEL FABBRO,Letitia
Grayndler,AJP,Animal Justice Party,DELLO-IACOVO,Michael Armando
Moncrieff,LDP,Liberal Democrats,DEMETRE,Diane
Hinkler,IND,Independent,DEMPSEY,Jack
Grey,CYA,Australian Federation Party,DEMPSEY,Tracey
Petrie,ALP,Australian Labor Party,DENTON,Mick
Warringah,LP,Liberal,DEVES,Katherine
Bennelong,DPDA,Democratic Alliance,DHONGDUE,Kyinzom
Oxley,ALP,Australian Labor Party,DICK,Milton
Mackellar,ON,Pauline Hanson's One Nation,DICKSON,Darren
Gilmore,IND,Independent,DIGIGLIO,Nina
Bonner,UAPP,United Australia Party,DIKLICH,Serge
Whitlam,GRN,The Greens,DIXON,Jamie
Gorton,GAP,The Great Australian Party,DOBRAN,Tony
Deakin,AJP,Animal Justice Party,DOLHEGUY,Katherine
Hume,UAPP,United Australia Party,DOLLIN,Garry Trevor
Herbert,UAPP,United Australia Party,DOWLING,Greg Ian
Aston,ALP,Australian Labor Party,DOYLE,Mary
Isaacs,ALP,Australian Labor Party,DREYFUS,Mark
Makin,UAPP,United Australia Party,DROZDOFF,Kimberley
Canning,AUC,Australian Christians,du PLESSIS,Andriette
Bowman,ALP,Australian Labor Party,DUFF,Donisha
Wright,UAPP,United Australia Party,DUFFILL,Cassandra Deanne
Wentworth,UAPP,United Australia Party,DUMER,Natalie
New England,UAPP,United Australia Party,DUNCAN,Cindy Anne
Farrer,IND,Independent,DUNCAN-STRELEC,Amanda
Forrest,CYA,Australian Federation Party,DUNN,Mailee
Page,IAP,Indigenous - Aboriginal Party of Australia,DUROUX,Brett Rodney
Dickson,LNP,Liberal National Party of Queensland,DUTTON,Peter
Perth,LP,Liberal,DWYER,David
Boothby,IND,Independent,DYER,Jo
Wannon,IND,Independent,DYSON,Alex
Cook,GRN,The Greens,DYSON,Catherine
Flinders,CYA,Australian Federation Party,EARL,Jefferson
Cook,ALP,Labor,EARLE,Simon
Perth,UAPP,United Australia Party,EBERHART,Sonya Michelle
Fremantle,ON,Pauline Hanson's One Nation,EDGAR,William
Monash,LDP,Liberal Democrats,EDWARDS,Meg
Herbert,IND,Independent,EGAN,Angela
Gilmore,ON,Pauline Hanson's One Nation,EID,Jerremy
Blaxland,GRN,The Greens,EISLER,Linda
Sturt,DPDA,Drew Pavlou Democratic Alliance,ELHAM,Inty
Richmond,ALP,Labor,ELLIOT,Justine
Mayo,GRN,The Greens,ELLIOTT,Greg
Calare,ALP,Labor,ELLIOTT,Sarah
Fenner,UAPP,United Australia Party,ELTON,Timothy Peter
Flinders,AJP,Animal Justice Party,ENGELANDER,Pamela
Forrest,ALP,Australian Labor Party,ENGLISH,Bronwen
Kingston,CYA,Australian Federation Party,ENRIGHT,Sam
Leichhardt,LNP,Liberal National Party of Queensland,ENTSCH,Warren
La Trobe,ON,Pauline Hanson's One Nation,ERVIN,Hadden
Fairfax,GRN,Queensland Greens,ETHERIDGE,Sue
Lyons,UAPP,United Australia Party,EVANS,Jason
Macquarie,UAPP,United Australia Party,EVANS,Nicole
Brisbane,LNP,Liberal National Party of Queensland,EVANS,Trevor
Gilmore,LDP,Liberal Democrats,FADINI,Adrian
Cowper,UAPP,United Australia Party,FAIRHALL,Joshua Stephen
Leichhardt,ALP,Australian Labor Party,FAITH,Elida
Mackellar,LP,Liberal,FALINSKI,Jason
Longman,ALP,Australian Labor Party,FANNING,Rebecca
Parramatta,UAPP,United Australia Party,FAYAD,Julian
Durack,WAP,WESTERN AUSTRALIA PARTY,FELS,Anthony James
Dobell,LP,Liberal,FENELEY,Michael
Sydney,ON,Pauline Hanson's One Nation,FERGUSON,Ben
Fairfax,ALP,Australian Labor Party,FERGUSON,Sue
Holt,ALP,Australian Labor Party,FERNANDO,Cassandra
Casey,IND,Independent,FERRES MILES,Claire
Indi,LDP,Liberal Democrats,FIDGE,Julian
Casey,CYA,Australian Federation Party,FIELD,Chris
Hindmarsh,LP,Liberal,FINIZIO,Anna
Wentworth,ON,Pauline Hanson's One Nation,FISHER,Dean
Indi,NP,The Nationals,FISHER,Liz
Gorton,LP,Liberal,FLETCHER,John
Bradfield,LP,Liberal,FLETCHER,Paul
Bradfield,UAPP,United Australia Party,FLETCHER,Rob
Moreton,UAPP,United Australia Party,FOLLETT,Chelsea
Fadden,LDP,Liberal Democrats,FORBES,Alex
Higgins,LDP,Liberal Democrats,FORD,Matthew
McMahon,ON,Pauline Hanson's One Nation,FORD,Scott
Gippsland,UAPP,United Australia Party,FORSTER,Gregory Emil
Tangney,CYA,Australian Federation Party,FOWLER,Brent
Parkes,IMO,Informed Medical Options Party,FOX,Benjamin
Parkes,GRN,The Greens,FRAIL,Trish
Dickson,ALP,Australian Labor Party,FRANCE,Ali
Farrer,ON,Pauline Hanson's One Nation,FRANCIS,Richard
Macarthur,ALP,Labor,FREELANDER,Mike
Parramatta,ON,Pauline Hanson's One Nation,FREEMAN,Heather
Moore,ALP,Australian Labor Party,FRENCH,Tom
Lilley,LDP,Liberal Democrats,FRESHWATER,Daniel
Barker,IND,Independent,FRY,Maddy
Kooyong,LP,Liberal,FRYDENBERG,Josh
Sturt,AUP,Australian Progressives,FULCO,Angela
Lalor,LP,Liberal,GADDIPATI,Ravi
Adelaide,GRN,The Greens,GALDIES,Rebecca
Lingiari,ON,Pauline Hanson's One Nation,GALLARD,Tim
Goldstein,GVIC,The Greens,GALLI-McROSTIE,Alana
Clark,UAPP,United Australia Party,GALLOWAY,Sandra
Casey,GVIC,The Greens,GAME,Jenny
Capricornia,IMO,Informed Medical Options Party,GANFIELD,Paula
Canning,LDP,Liberal Democrats,GARDINER,David
Canning,CYA,Australian Federation Party,GARDYNE,Anthony
Chisholm,ALP,Australian Labor Party,GARLAND,Carina
Braddon,IND,Independent,GARLAND,Craig Anthony
Burt,GRN,The Greens (WA),GARLETT,Daniel
Cunningham,CEC,Citizens Party,GARNAUT-MILLER,Alexis
Wannon,IND,Independent,GARNER,Graham
Eden-Monaro,UAPP,United Australia Party,GARNON,Darren Scott
Moreton,GRN,Queensland Greens,GARTON,Claire
Fremantle,CYA,Australian Federation Party,GAVRANICH,Cathy
Calare,NP,The Nationals,GEE,Andrew
Adelaide,ALP,Australian Labor Party,GEORGANAS,Steve
Adelaide,CYA,Australian Federation Party,GERHARD,Faith
Gorton,VNS,Victorian Socialists,GIBSON,Belle
Dickson,ON,Pauline Hanson's One Nation,GIBSON,Tamera
Deakin,UAPP,United Australia Party,GIDLEY,Bianca Joy
Longman,AJP,Animal Justice Party,GILBARD,Paula
Indi,GVIC,The Greens,GILBERT,Benjamin
Scullin,ALP,Australian Labor Party,GILES,Andrew
Lyne,NP,The Nationals,GILLESPIE,David
Tangney,WAP,WESTERN AUSTRALIA PARTY,GILLETT,Jay Dean
Warringah,GRN,The Greens,GLANVILLE,Kristyn
Gellibrand,LDP,Liberal Democrats,GLASSON,Chloe
Brand,GAP,The Great Australian Party,GLEESON,Andrew
Cunningham,LDP,Liberal Democrats,GLOVER,Michael
Kingston,ON,Pauline Hanson's One Nation,GODFREY-BROWN,Robert
Burt,LP,Liberal,GOODE,David
Moore,LP,Liberal,GOODENOUGH,Ian
Mackellar,ALP,Labor,GOODMAN,Paula
Solomon,GRN,The Greens,GOODRICH CARTTLING,Aiya
Barton,LP,Liberal,GOODY,John
Perth,ALP,Australian Labor Party,GORMAN,Patrick
Solomon,ALP,A.L.P.,GOSLING,Luke
Swan,AUC,Australian Christians,GOWER,Dena
Lyons,ON,Pauline Hanson's One Nation,GOYNE,Emma Jane
Ballarat,IND,Independent,GRAHAM,Alex
Wannon,ON,Pauline Hanson's One Nation,GRAHAM,Ronnie
Lyons,AJP,Animal Justice Party,GRALTON,Anna Megan
Fenner,ON,Pauline Hanson's One Nation,GRANT,Lucia
Sturt,UAPP,United Australia Party,GRANT,Stephen
Adelaide,LP,Liberal,GRANTHAM,Amy
Lingiari,IND,Independent,GRAVENER,Michael Setford
Forde,IND,Independent,GREAVES,Christopher
Ballarat,LP,Liberal,GREEN,Ben
Cunningham,GRN,The Greens,GREEN,Dylan
Swan,AJP,Animal Justice Party,GREEN,Timothy
Deakin,ALP,Australian Labor Party,GREGG,Matt
Shortland,GRN,The Greens,GRIERSON,Kim
Lyons,LDP,Liberal Democrats,GRIFFITHS,Rhys
Curtin,ON,Pauline Hanson's One Nation,GRILLO,Dale Marie
Cunningham,ON,Pauline Hanson's One Nation,GROGAN,Thomas
Petrie,UAPP,United Australia Party,GUENOUN,Kelly Anne
Cook,UAPP,United Australia Party,GUINANE,Jacqueline
Blaxland,LP,Liberal,GUNEY,Oz
Moore,WAP,WESTERN AUSTRALIA PARTY,GUNNESS,Peter
Perth,CYA,Australian Federation Party,GYURU,Aiden
Grey,IND,Independent,HABERMANN,Liz
Mallee,IND,Independent,HAENEL,Claudia
Robertson,CYA,Australian Federation Party,HAFNER,Alexandra
Grayndler,SOPA,"FUSION: Science, Pirate, Secular, Climate Emergency",HAGGERTY,James
Indi,IND,Independent,HAINES,Helen
Forde,GRN,Queensland Greens,HALL,Jordan
Dawson,ON,Pauline Hanson's One Nation,HALL,Julie
Swan,ON,Pauline Hanson's One Nation,HALLIFAX,Peter
Groom,LNP,Liberal National Party of Queensland,HAMILTON,Garth
Dawson,ALP,Australian Labor Party,HAMILTON,Shane
Curtin,LP,Liberal,HAMMOND,Celia
Cowan,UAPP,United Australia Party,HAND,Claire Elizabeth
Banks,GRN,The Greens,HANNA,Natalie
Leichhardt,UAPP,United Australia Party,HANNAGAN,Daniel Lucas
Franklin,JLN,Jacqui Lambie Network,HANNAN,Chris
Holt,UAPP,United Australia Party,HANSEN,Gerardine
Gippsland,ON,Pauline Hanson's One Nation,HANSFORD,Greg
Barker,CYA,Australian Federation Party,HANTON,Kym
Moncrieff,UAPP,United Australia Party,HAPP,Diane Olga
Hawke,LP,Liberal,HAQUE,Enamul
Kooyong,UAPP,United Australia Party,HARDIMAN,Scott Andrew
Capricornia,UAPP,United Australia Party,HARDING,Nathan Luke
Parkes,IAP,Indigenous - Aboriginal Party of Australia,HARDMAN,Derek
McPherson,ON,Pauline Hanson's One Nation,HARGRAVES,Kevin
Macnamara,LP,Liberal,HARKIN,Colleen
Boothby,CYA,Australian Federation Party,HARRIS,Peter
Eden-Monaro,GRN,The Greens,HARRIS,Vivian
Mallee,ALP,Australian Labor Party,HART,Carole
Bass,ALP,Australian Labor Party,HART,Ross
Canning,LP,Liberal,HASTIE,Andrew
Mitchell,LP,Liberal,HAWKE,Alex
Herbert,KAP,Katter's Australian Party (KAP),HAWKS,Clynton
Menzies,ON,Pauline Hanson's One Nation,HAYES,John
Fairfax,IMO,Informed Medical Options Party,HAZELTON,Wendy
Brand,CYA,Australian Federation Party,HEFFERNAN,Malcolm
Banks,ON,Pauline Hanson's One Nation,HEFFERNAN,Malcolm Phillip
Cowper,IND,Independent,HEISE,Caz
Grayndler,ON,Pauline Hanson's One Nation,HENSELIN,Paul
McEwen,LDP,Liberal Democrats,HERRON,John
Bean,LP,Liberal,HIATT,Jane
Monash,ON,Pauline Hanson's One Nation,HICKEN,Allan
Macnamara,UAPP,United Australia Party,HICKEY,Jane Elizabeth
Macquarie,GRN,The Greens,HICKEY,Tony
Wright,ON,Pauline Hanson's One Nation,HICKS,Keith
Bruce,ALP,Australian Labor Party,HILL,Julian
Barker,GRN,The Greens,HILLAM,Rosa
Swan,UAPP,United Australia Party,HILTON,Paul
Franklin,ON,Pauline Hanson's One Nation,HINDLEY,Steve
Maribyrnong,GAP,The Great Australian Party,HOBART,Mark Michael
Macnamara,GVIC,The Greens,HODGINS-MAY,Steph
Page,NP,The Nationals,HOGAN,Kevin
Brisbane,ON,Pauline Hanson's One Nation,HOLD,Trevor
Eden-Monaro,SPP,Sustainable Australia Party - Stop Overdevelopment / Corruption,HOLGATE,James
Forde,TNL,TNL,HOLLAND,Samuel
Canberra,GRN,The Greens,HOLLO,Tim
Eden-Monaro,LDP,Liberal Democrats,HOLMES,Maxwell
Tangney,LDP,Liberal Democrats,HOLROYD,Jacqueline
Groom,IND,Independent,HOLT,Suzie
Forde,ALP,Australian Labor Party,HOLZBERGER,Rowan
Richmond,NP,The Nationals,HONE,Kimberly
Barton,UAPP,United Australia Party,HONOS,Dimitri
Lilley,UAPP,United Australia Party,HOOGLAND,Gerardine Louise
Calare,IND,Independent,HOOK,Kate
Lyne,LDP,Liberal Democrats,HORNSHAW,Mark
Wills,AJP,Animal Justice Party,HORSFALL,Leah
Goldstein,SPP,Sustainable Australia Party - Stop Overdevelopment / Corruption,HOULT,Brandon
Fowler,GRN,The Greens,HOWARD,Avery
Makin,LP,Liberal,HOWARD-JONES,Alan
Petrie,LNP,Liberal National Party of Queensland,HOWARTH,Luke
Parkes,IND,Independent,HOWE,Stuart
Mackellar,GRN,The Greens,HRNJAK,Ethan
Moreton,LNP,Liberal National Party of Queensland,HUANG,Steven
Brand,LP,Liberal,HUDSON,Peter
Whitlam,ON,Pauline Hanson's One Nation,HUGHES,Colin
New England,ALP,Labor,HUGHES,Laura
Bass,LDP,Liberal Democrats,HUMBLE,Stephen
Deakin,GVIC,The Greens,HUMPHREYS,Rob
Herbert,GRN,Queensland Greens,HUMPHREYS,Scott
Canning,ALP,Australian Labor Party,HUNT,Amanda
Chifley,ALP,Labor,HUSIC,Ed
Newcastle,IMO,Informed Medical Options Party,HUSSEY,William
Hawke,VNS,Victorian Socialists,HYNES,Jack
Aston,ON,Pauline Hanson's One Nation,IBBOTSON,Craig
Paterson,GRN,The Greens,IHLEIN,Louise
Lalor,ON,Pauline Hanson's One Nation,INGARFILL,James
Cowan,AUC,Australian Christians,IRADUKUNDA,Sylvia
Dunkley,UAPP,United Australia Party,IRVINE,Adrian Kain
Gellibrand,UAPP,United Australia Party,ISAC,Abraham
Macquarie,LDP,Liberal Democrats,JACKSON,James
Dawson,GAP,The Great Australian Party,JACKSON,Jim
Kingston,UAPP,United Australia Party,JACKSON,Russell
Wide Bay,IND,Independent,JACOBI,Kelli
Grayndler,GRN,The Greens,JACOBS,Rachael
Reid,GRN,The Greens,JAGO,Charles
Lindsay,ON,Pauline Hanson's One Nation,JAGO,Max
Fenner,LDP,Liberal Democrats,JAKEMAN,Guy
Calare,UAPP,United Australia Party,JANNIS,Adam John
Blair,LDP,Liberal Democrats,JAQUES,Michelle
Brisbane,ALP,Australian Labor Party,JARRETT,Madonna
Wills,GVIC,The Greens,JEFFORD,Sarah
Riverina,ALP,Labor,JEFFRESON,Mark
La Trobe,AJP,Animal Justice Party,JEGES,Helen
Leichhardt,KAP,Katter's Australian Party (KAP),JENSEN,Rod
Wide Bay,IND,Independent,JEROME,Tim
Fremantle,UAPP,United Australia Party,JINMAN,Stella
Durack,ON,Pauline Hanson's One Nation,JOHANNSEN,Brenton
Higgins,REAS,Reason Australia,JOHNSON,Andrew
Franklin,LP,Liberal,JOHNSON,Kristy Maree
Bowman,TNL,TNL,JOHNSON,Phil
Hindmarsh,ON,Pauline Hanson's One Nation,JOHNSON,Walter
Dunkley,AJP,Animal Justice Party,JOHNSTON,Elizabeth
Lyons,GRN,The Greens,JOHNSTONE,Liz
Capricornia,GRN,Queensland Greens,JONES,Mick
Richmond,IND,Independent,JONES,Nathan
Corio,ON,Pauline Hanson's One Nation,JONES,Robert
Whitlam,ALP,Labor,JONES,Stephen
Watson,ON,Pauline Hanson's One Nation,JORGENSEN,Alan
New England,NP,The Nationals,JOYCE,Barnaby
Corangamite,CYA,Australian Federation Party,JUHASZ,Stephen
Greenway,LDP,Liberal Democrats,KACHWALLA,Adam
Wentworth,GRN,The Greens,KANAK,Dominic WY
Riverina,ASP,"Shooters, Fishers and Farmers Party",KARAITIANA,Steve
Lingiari,LDP,Liberal Democrats,KASPAREK,George
Kennedy,KAP,Katter's Australian Party (KAP),KATTER,Bob
Werriwa,LP,Liberal,KAYAL,Sam
Cooper,ALP,Australian Labor Party,KEARNEY,Ged
Macquarie,AJP,Animal Justice Party,KEIGHTLEY,Greg
Hughes,UAPP,United Australia Party,KELLY,Craig
Maranoa,ON,Pauline Hanson's One Nation,KELLY,Mike
Chisholm,UAPP,United Australia Party,KEMPSON,Melanie Merle
Fowler,ALP,Labor,KENEALLY,Kristina
Bennelong,LP,Liberal,KENNEDY,Simon
Brisbane,AJP,Animal Justice Party,KENNEDY,Tiana
Wannon,UAPP,United Australia Party,KENSEN,Craige
Burt,ALP,Australian Labor Party,KEOGH,Matt
Maranoa,ALP,Australian Labor Party,KERRIGAN,Dave
Paterson,IMO,Informed Medical Options Party,KETAS,Angela
Wills,ALP,Australian Labor Party,KHALIL,Peter
Reid,SOPA,"FUSION: Science, Pirate, Secular, Climate Emergency",KHALILI-NAGHADEH,Sahar
Chifley,IND,Independent,KHAN,Ammar
Fairfax,UAPP,United Australia Party,KHOURY,Lisa
Banks,,,KHOUW,Steve
Grayndler,IND,Independent,KILHAM,Sarina
Page,TNL,TNL,KILLINGBECK,Serge
Ballarat,ALP,Australian Labor Party,KING,Catherine
Chisholm,LDP,Liberal Democrats,KING,Ethelyn
Brand,ALP,Australian Labor Party,KING,Madeleine
Shortland,ON,Pauline Hanson's One Nation,KING,Quintin
Mallee,UAPP,United Australia Party,KING,Stuart William
North Sydney,IMO,Informed Medical Options Party,KINNEY,Lesley
Bruce,GVIC,The Greens,KIRWAN,Matthew
Bradfield,IND,Independent,KITSON,Janine
North Sydney,TNL,TNL,KLINE,Victor
Casey,AJP,Animal Justice Party,KLOP,Andrew
Fremantle,WAP,WESTERN AUSTRALIA PARTY,KNAPP,Janetia
Brisbane,UAPP,United Australia Party,KNUDSON,Justin Marc
Scullin,LDP,Liberal Democrats,KOELMEYER,Eric
Macarthur,LDP,Liberal Democrats,KORMAN,Scott
Berowra,ALP,Labor,KOSCHINSKI,Benson
Watson,UAPP,United Australia Party,KOUKOULIS,John
Fremantle,LP,Liberal,KOUL,Bill
Parramatta,LP,Liberal,KOVACIC,Maria
Oxley,ON,Pauline Hanson's One Nation,KOZLOWSKI,Dylan
Fenner,LP,Liberal,KUSTER,Nathan
O'Connor,ON,Pauline Hanson's One Nation,KUSTRIN,Stan
Cooper,UAPP,United Australia Party,LA ROSA,Adam
Hawke,GAP,The Great Australian Party,LACEY,Michael Edward
Mallee,CEC,Citizens Party,LAHY,Chris
Nicholls,LDP,Liberal Democrats,LAIRD,Tim
Bonner,GRN,Queensland Greens,LAKEY,Bernard
Capricornia,LNP,Liberal National Party of Queensland,LANDRY,Michelle
Flinders,GVIC,The Greens,LANE,Colin
Gippsland,ALP,Australian Labor Party,LANGLEY,Jannette
Cooper,VNS,Victorian Socialists,LARKIN,Kath
Hunter,IND,Independent,LARUFFA,Scott Fulvio
Gorton,CYA,Australian Federation Party,LASSIG,Paul
Bendigo,IND,Independent,LAURIE,James
Cowan,WAP,WESTERN AUSTRALIA PARTY,LAVERACK,Roland
Hasluck,ALP,Australian Labor Party,LAWRENCE,Tania
Robertson,IAP,Indigenous - Aboriginal Party of Australia,LAWSON,Jeffrey Wayne
Bennelong,ALP,Labor,LAXALE,Jerome
Parramatta,AJP,Animal Justice Party,LAXMANALAL,Rohan
Makin,CYA,Australian Federation Party,LAZOOTIN,Abram Nicholas
Fowler,IND,Independent,LE,Dai
New England,IND,Independent,LEDGER,Natasha
Lingiari,CEC,Citizens Party,LEE,Thong Sum
Berowra,LP,Liberal,LEESER,Julian
Braddon,JLN,Jacqui Lambie Network,LEHMANN,Sophie
Fenner,ALP,Australian Labor Party,LEIGH,Andrew
Monash,IND,Independent,LEONARD,Deb
Wentworth,LDP,Liberal Democrats,LEWKOVITZ,Daniel
Farrer,LP,Liberal,LEY,Sussan
Cooper,GVIC,The Greens,LIDDLE,Celeste
Tangney,ALP,Australian Labor Party,LIM,Sam
Ryan,AJP,Animal Justice Party,LIPMAN,Jina
Longman,LDP,Liberal Democrats,LIPPONER,Jens
Maranoa,LNP,Liberal National Party of Queensland,LITTLEPROUD,David
Chisholm,LP,Liberal,LIU,Gladys
Deakin,IND,Independent,LIU,Qian
Isaacs,AJP,Animal Justice Party,LIVINGSTONE,Alix
Lilley,LNP,Liberal National Party of Queensland,LOBO,Vivian
Spence,LP,Liberal,LOCK,Shawn
Nicholls,ALP,Australian Labor Party,LODWICK,Bill
Robertson,LDP,Liberal Democrats,LOGAN,Bentley
Fremantle,LDP,Liberal Democrats,LOH,Yan
Solomon,ON,Pauline Hanson's One Nation,LOHSE,Emily
Flynn,ON,Pauline Hanson's One Nation,LOHSE,Sharon
Gorton,IND,Independent,LONCAR,Steven J
Brand,GRN,The Greens (WA),LONSDALE,Heather
Berowra,CYA,Australian Federation Party,LOUIE,David James
Ryan,ON,Pauline Hanson's One Nation,LOVE,Joel
Franklin,AJP,Animal Justice Party,LOVE,Katrina
Bradfield,ON,Pauline Hanson's One Nation,LOWE,Michael
Blair,AJP,Animal Justice Party,LOWERY,Angela
Page,IND,Independent,LUKE,Hanabeth
Indi,LP,Liberal,LYMAN,Ross
Braddon,ALP,Australian Labor Party,LYNCH,Chris
Kooyong,ALP,Australian Labor Party,LYNCH,Peter
Kennedy,LNP,Liberal National Party of Queensland,MACDONALD,Bryce
Solomon,CLP,NT CLP,MACFARLANE,Tina
Dobell,UAPP,United Australia Party,MACKIN,Dean James
Lalor,CYA,Australian Federation Party,MALLIAROS,Peter
Pearce,ON,Pauline Hanson's One Nation,MALLOY,Aaron
Gilmore,UAPP,United Australia Party,MALONEY,Jordan Lindsay
Pearce,CYA,Australian Federation Party,MARCH,Nigel
Fowler,ON,Pauline Hanson's One Nation,MARGOS,Tony
Forrest,LP,Liberal,MARINO,Nola
Tangney,UAPP,United Australia Party,MARK,Travis Llewellyn
Forrest,LDP,Liberal Democrats,MARKHAM,Paul
Richmond,UAPP,United Australia Party,MARKS,Robert James
Corio,ALP,Australian Labor Party,MARLES,Richard
Flinders,ON,Pauline Hanson's One Nation,MARR,Cyndi
Kingsford Smith,ON,Pauline Hanson's One Nation,MARR,Darrin
Corangamite,GVIC,The Greens,MARSHALL,Alex
Brand,LDP,Liberal Democrats,MARSHALL,Alison
Pearce,LDP,Liberal Democrats,MARSHALL,David
Riverina,UAPP,United Australia Party,MARTELOZZO,Daniel
Reid,LP,Liberal,MARTIN,Fiona
Braddon,AJP,Animal Justice Party,MARTIN,Keone Patrick
Berowra,UAPP,United Australia Party,MARTINIC,Christopher
Hawke,TNL,TNL,MARTUCCI,Max
Swan,ALP,Australian Labor Party,MASCARENHAS,Zaneta
Robertson,IMO,Informed Medical Options Party,MASON,Kate
Holt,GVIC,The Greens,MATHEW,Sujit
Forde,ON,Pauline Hanson's One Nation,MATTERSON,Seschelle
Franklin,UAPP,United Australia Party,MATTHEWS,Lisa
Shortland,UAPP,United Australia Party,MAXWELL,Kenneth John
Bowman,GRN,Queensland Greens,MAZLIN,Ian
Sydney,UAPP,United Australia Party,McALISTER,Ryan
Wannon,GVIC,The Greens,McALLISTER,Hilary
Eden-Monaro,ALP,Labor,McBAIN,Kristy
Dobell,ALP,Labor,McBRIDE,Emma
Newcastle,GRN,The Greens,McCABE,Charlotte
Gilmore,GRN,The Greens,McCALLUM,Carmel
Isaacs,UAPP,United Australia Party,McCAMISH,Scott Anson
Forde,AJP,Animal Justice Party,McCARTHY,Linda
Macnamara,LDP,Liberal Democrats,McCATHIE,Rob
Lindsay,LDP,Liberal Democrats,McCLURE,Gareth
Mallee,GVIC,The Greens,McCOLL,Sam
Riverina,NP,The Nationals,McCORMACK,Michael
Herbert,AJP,Animal Justice Party,MCCORMACK,Toni
Riverina,LDP,Liberal Democrats,McCRAE,Dean
Wright,ALP,Australian Labor Party,McCREADIE,Pam
Hasluck,LDP,Liberal Democrats,McCREANOR,Steven
Burt,UAPP,United Australia Party,McCURRY,Joshua
Sturt,GRN,The Greens,McCUSKER,Katie
Gippsland,LDP,Liberal Democrats,McDONALD,Jim
Maranoa,UAPP,United Australia Party,McDONALD,Nathan John
Lingiari,GRN,The Greens,McFARLAND,Blair
Shortland,LP,Liberal,McGILL,Nell
Mayo,UAPP,United Australia Party,McGRAIL,Samantha
Ballarat,LDP,Liberal Democrats,McGRATH,Julia
Robertson,GRN,The Greens,McGRATH,Shelly
Lilley,IMO,Informed Medical Options Party,McGRATH,Stephen
Lindsay,LP,Liberal,McINTOSH,Melissa
Mitchell,ON,Pauline Hanson's One Nation,McKENZIE,Donald
Flinders,LP,Liberal,McKENZIE,Zoe
Hinkler,GRN,Queensland Greens,McLEAN,Andrew
Eden-Monaro,IMO,Informed Medical Options Party,McLENNAN,Toni
Lingiari,UAPP,United Australia Party,MCLEOD,Allan
Sturt,LDP,Liberal Democrats,McMAHON,Thomas
Herbert,IMO,Informed Medical Options Party,McMAHON,Toni
Adelaide,SOPA,"FUSION: Science, Pirate, Secular, Climate Emergency",McMILLAN,Matthew
Oxley,LNP,Liberal National Party of Queensland,MCMILLEN,Kyle
Griffith,UAPP,United Australia Party,McMULLAN,Robert Gordon
Cowper,ALP,Labor,McMULLEN,Keith
Hunter,ON,Pauline Hanson's One Nation,McNAMARA,Dale
Durack,GRN,The Greens (WA),McNEAIR,Bianca
Durack,GAP,The Great Australian Party,McRAE,Adrian
McEwen,UAPP,United Australia Party,McRAE,Paul Joseph
Monash,UAPP,United Australia Party,McSHANE,Christine Ann
Swan,LP,Liberal,McSWEENEY,Kristy
Wannon,LDP,Liberal Democrats,MEAD,Amanda
Mitchell,LDP,Liberal Democrats,MEAD,Clinton
Hindmarsh,UAPP,United Australia Party,MELISSOURGOS,George
Hume,IND,Independent,MENERIPITIYAGE DONA,Sheneli
Hinkler,ON,Pauline Hanson's One Nation,MENHENNETT,Zak
Higgins,CYA,Australian Federation Party,MENOUDAKIS,Suzie
Dobell,LDP,Liberal Democrats,METHERELL,Eliot
Forrest,ON,Pauline Hanson's One Nation,MEZGER,Shane
Warringah,ALP,Labor,MICKLEBURGH,David
O'Connor,CYA,Australian Federation Party,MIDDLE,Isaac
Dunkley,ON,Pauline Hanson's One Nation,MIDDLEBROOK,Scott
Durack,UAPP,United Australia Party,MIDDLETON,Andrew Charles
Bendigo,ON,Pauline Hanson's One Nation,MIHAIL,Ben
Canberra,ON,Pauline Hanson's One Nation,MILES,James
Page,GRN,The Greens,MILLER,Kashmir
Grey,LDP,Liberal Democrats,MILLER,Peter
Boothby,ALP,Australian Labor Party,MILLER-FROST,Louise
Braddon,ON,Pauline Hanson's One Nation,MINEUR,Ludo
Canberra,LP,Liberal,MINSON,Slade
Lyons,ALP,Australian Labor Party,MITCHELL,Brian
Petrie,ON,Pauline Hanson's One Nation,MITCHELL,Marcus
McEwen,ALP,Australian Labor Party,MITCHELL,Rob
Fraser,GVIC,The Greens,MITCHELL-SEARS,Bella
Kooyong,GVIC,The Greens,MITCHEM,Piers
Canning,GRN,The Greens (WA),MOFFAT,Jodie
Leichhardt,IMO,Informed Medical Options Party,MOGOROVICH,Silvia
Lalor,IND,Independent,MOINUDDIN,Aijaz
Banks,UAPP,United Australia Party,MOMIRCEVSKI,Marika
Hasluck,ON,Pauline Hanson's One Nation,MONCK,Ian
Pearce,AUC,Australian Christians,MONTGOMERY,Vanessa
Bruce,LP,Liberal,MOODY,James
Fisher,UAPP,United Australia Party,MOORE,Tony Richard
Gellibrand,CYA,Australian Federation Party,MOORS,Sharynn
Monash,GVIC,The Greens,MORGAN,Mat
Gorton,GVIC,The Greens,MORRIS,Praise
Cook,LP,Liberal,MORRISON,Scott
Lindsay,GRN,The Greens,MORSSINK,Pieter
Tangney,LP,Liberal,MORTON,Ben
O'Connor,AUC,Australian Christians,MOSELEY,Justin
La Trobe,UAPP,United Australia Party,MOTT,Merryn
Fraser,ALP,Australian Labor Party,MULINO,Daniel
Corio,UAPP,United Australia Party,MURDOCK,Shane
Chisholm,IND,Independent,MURPHY,Dominique
Robertson,AJP,Animal Justice Party,MURPHY,Patrick
Casey,ON,Pauline Hanson's One Nation,MURPHY,Paul
Dunkley,ALP,Australian Labor Party,MURPHY,Peta
Capricornia,LDP,Liberal Democrats,MURPHY,Steve
Robertson,UAPP,United Australia Party,MURRAY,Barbara-Jane
Hunter,GRN,The Greens,MURRAY,Janet
Capricornia,IND,Independent,MURRAY,Ken
Wentworth,ALP,Labor,MURRAY,Tim
Makin,GRN,The Greens,MUSTACA,Emma
Jagajaga,IND,Independent,MUSTAF,Zahra
Leichhardt,GRN,Queensland Greens,MUSUMECI,Phillip
Blair,GRN,Queensland Greens,MUTTON,Danielle
Macnamara,IND,Independent,MYERS,John B
Calwell,UAPP,United Australia Party,NAIM,Joshua
North Sydney,UAPP,United Australia Party,NALBANDIAN,Robert
Greenway,IND,Independent,NANDA,Love Preet Singh
Calare,GRN,The Greens,NANKERVIS,Kay
Hinkler,UAPP,United Australia Party,NASH,Kristie
Kooyong,AJP,Animal Justice Party,NEHMER,Rachael
Bonner,ON,Pauline Hanson's One Nation,NEIL,Amanda
McEwen,CYA,Australian Federation Party,NEIL,Christopher
Pearce,GRN,The Greens (WA),NELSON,Donna
Mayo,CYA,Australian Federation Party,NEUGEBAUER,Mark
Blair,ALP,Australian Labor Party,NEUMANN,Shayne
Wide Bay,IMO,Informed Medical Options Party,NEWLAND,Andrea
Chisholm,GVIC,The Greens,NEWMAN,Sarah
Fowler,LP,Liberal,NGUYEN,Courtney
Perth,LDP,Liberal Democrats,NICKOLS,Evan
Boothby,LDP,Liberal Democrats,NIKOLIC,Aleksandra
Werriwa,UAPP,United Australia Party,NIKOLIC,Tony Mark
Eden-Monaro,LP,Liberal,NOCKLES,Jerry
Richmond,GRN,The Greens,NOLAN,Mandy
Corio,GVIC,The Greens,NORTHEAST,Simon
Cowper,GRN,The Greens,NOTT,Timothy
Holt,LDP,Liberal Democrats,NUNEZ-SILVA,Matthew
Dunkley,GVIC,The Greens,O'BRIEN,Liam
Wide Bay,LNP,Liberal National Party of Queensland,O'BRIEN,Llew
Fadden,UAPP,United Australia Party,O'BRIEN,Nathan Grant
Fairfax,LNP,Liberal National Party of Queensland,O'BRIEN,Ted
Indi,DHJP,Derryn Hinch's Justice Party,O'CONNELL,Lachlan
Gorton,ALP,Australian Labor Party,O'CONNOR,Brendan
Flinders,IND,Independent,O'CONNOR,Despi
Lindsay,UAPP,United Australia Party,O'CONNOR,Joseph
Monash,ALP,Australian Labor Party,O'DONNELL,Jessica
Isaacs,LDP,Liberal Democrats,O'DONNELL,Sarah
Robertson,ON,Pauline Hanson's One Nation,O'GRADY,Billy
Forde,UAPP,United Australia Party,O'HALLORAN,Roxanne
Brand,WAP,WESTERN AUSTRALIA PARTY,O'LOGHLEN,Michael
Hotham,ALP,Australian Labor Party,O'NEIL,Clare
McMahon,GRN,The Greens,O'NEILL,Astrid
Leichhardt,SAL,Socialist Alliance,O'SHANE,Pat
Hindmarsh,GRN,The Greens,O'SULLIVAN,Patrick
Menzies,ALP,Australian Labor Party,OAKLEY,Naomi
Paterson,UAPP,United Australia Party,OLBOURNE,Jason Mark
Riverina,ON,Pauline Hanson's One Nation,ORCHARD,Richard
Riverina,GRN,The Greens,ORGAN,Michael
Nicholls,SOPA,"FUSION: Science, Pirate, Secular, Climate Emergency",OTTO,Andrea
Groom,CYA,Australian Federation Party,OTTO,Ryan
Pearce,WAP,WESTERN AUSTRALIA PARTY,PAICE,Jim
Swan,CYA,Australian Federation Party,PALLIER,Carl
Jagajaga,CYA,Australian Federation Party,PALMARINI,Brendan
Moncrieff,ALP,Australian Labor Party,PALMER,Glen
Macquarie,IMO,Informed Medical Options Party,PALMER,Michelle
Fowler,UAPP,United Australia Party,PANICH,Lela Lepa
Barker,IND,Independent,PANNELL,Vince
Maranoa,GRN,Queensland Greens,PARKER,Ellisa
Barker,LP,Liberal,PASIN,Tony
Hunter,UAPP,United Australia Party,PASSFIELD,Geoff
Hindmarsh,AJP,Animal Justice Party,PASTRO,Matt
Corio,LP,Liberal,PATEL,Manish
Dawson,KAP,Katter's Australian Party (KAP),PATERSON,Ciaron
Lalor,UAPP,United Australia Party,PATERSON,Juanita Coral
Warringah,AJP,Animal Justice Party,PATERSON,Kate
Melbourne,ALP,Australian Labor Party,PATERSON,Keir
Scullin,GVIC,The Greens,PATERSON,Patchouli
Greenway,LP,Liberal,PATHI,Pradeep
Macarthur,LP,Liberal,PAUDEL,Binod
Canberra,ALP,Australian Labor Party,PAYNE,Alicia
Corio,LDP,Liberal Democrats,PAYNE,Max
Shortland,IND,Independent,PAYNTER,Basil
McPherson,CYA,Australian Federation Party,PEAD,Gary
Braddon,LP,Liberal,PEARCE,Gavin
Lyne,IND,Independent,PEARCE,Joanne
Herbert,ON,Pauline Hanson's One Nation,PEPE,Diane
Melbourne,LDP,Liberal Democrats,PEPPARD,Richard
Holt,LP,Liberal,PERERA,Ranj
Scullin,LP,Liberal,PERERA,Virosh
Perth,GRN,The Greens (WA),PERKS,Caroline
Moreton,ALP,Australian Labor Party,PERRETT,Graham
Nicholls,UAPP,United Australia Party,PETERSON,Robert
Macquarie,ON,Pauline Hanson's One Nation,PETTITT,Tony
Lyons,JLN,Jacqui Lambie Network,PFITZNER,Troy Robert
Menzies,GVIC,The Greens,PHEASANT,Bill
Burt,WAP,WESTERN AUSTRALIA PARTY,PHELAN,Stephen
Gilmore,ALP,Labor,PHILLIPS,Fiona
Kingston,GRN,The Greens,PHOTAKIS,John
Curtin,GRN,The Greens (WA),PIDGEON,Cameron
Barker,NP,National Party,PIETZSCH,Jonathan
Brand,UAPP,United Australia Party,PIKE,David
Page,ON,Pauline Hanson's One Nation,PIKE,Donna
Bowman,LNP,Liberal National Party of Queensland,PIKE,Henry
Blair,AUVA,Australian Values Party,PITMAN,Maria
Franklin,LDP,Liberal Democrats,PITT,Duane
Hinkler,LNP,Liberal National Party of Queensland,PITT,Keith
Sydney,ALP,Labor,PLIBERSEK,Tanya
Ryan,UAPP,United Australia Party,POLLARD,Kathryn
Barton,ON,Pauline Hanson's One Nation,POLLARD,Phillip
Fairfax,AJP,Animal Justice Party,POOLE,Tash
Melbourne,AJP,Animal Justice Party,POON,Bruce
Perth,AUC,Australian Christians,POWELL,Dean
Moreton,CYA,Australian Federation Party,POWER,Peter
Calwell,ON,Pauline Hanson's One Nation,PRESTON,Mark
Durack,LP,Liberal,PRICE,Melissa
Nicholls,IND,Independent,PRIESTLY,Rob
Dickson,IND,Independent,PROHASKA,Thor
Maribyrnong,GVIC,The Greens,PRYOR,Rhonda
Ballarat,UAPP,United Australia Party,PRYSE-SMITH,Terri Elizabeth
Lyne,UAPP,United Australia Party,PUTLAND,Joel
McPherson,LDP,Liberal Democrats,PYNE,Glenn
Newcastle,CYA,Australian Federation Party,PYWELL,Garth
Barker,ON,Pauline Hanson's One Nation,QUAREMBA,Carlos
Longman,HMP,Legalise Cannabis Australia,QUINLAN,Nigel David
Hawke,ALP,Australian Labor Party,RAE,Sam
Holt,IND,Independent,RAGUPATHY,Ravi
Farrer,UAPP,United Australia Party,RAMOS,Julie
Clark,LDP,Liberal Democrats,RAMSDEN,Ian
Grey,LP,Liberal,RAMSEY,Rowan
Braddon,TLOC,The Local Party,RANKIN,Scott
Chifley,UAPP,United Australia Party,RASKOV,Zvetanka
Lindsay,IMO,Informed Medical Options Party,RAY,Rebekah
Fraser,UAPP,United Australia Party,RAYMOND,Keith James Aaron
Bass,IND,Independent,RAZAY,George
Shortland,LDP,Liberal Democrats,REED,Barry
Ryan,AUP,Australian Progressives,REES,Janine
Robertson,ALP,Labor,REID,Gordon
North Sydney,ALP,Labor,RENSHAW,Catherine
Hunter,ALP,Labor,REPACHOLI,Dan
Greenway,UAPP,United Australia Party,REX,Mark Andrew
Goldstein,UAPP,United Australia Party,REYNOLDS,Catherine Frances
Hindmarsh,CYA,Australian Federation Party,RICHARDS,Dianne
Macquarie,LP,Liberal,RICHARDS,Sarah
Maranoa,ASP,"Shooters, Fishers and Farmers Party",RICHARDSON,Malcolm J
Hotham,UAPP,United Australia Party,RIDGWAY,Bruce Scott
Durack,ALP,Australian Labor Party,RILEY,Jeremiah
Herbert,ALP,Australian Labor Party,RING,John
Kingston,ALP,Australian Labor Party,RISHWORTH,Amanda
Macarthur,GRN,The Greens,RIVERA,Jayden
Fadden,ON,Pauline Hanson's One Nation,ROACH,Sandy
Fadden,LNP,Liberal National Party of Queensland,ROBERT,Stuart
Shortland,AJP,Animal Justice Party,ROBERTS,Bree Suzanne
Griffith,LNP,Liberal National Party of Queensland,ROBERTS,Olivia
Pearce,ALP,Australian Labor Party,ROBERTS,Tracey
Warringah,UAPP,United Australia Party,ROBERTSON,Andrew Colin
Fraser,VNS,Victorian Socialists,ROBERTSON,Catherine
Capricornia,ALP,Australian Labor Party,ROBERTSON,Russell
Melbourne,IND,Independent,ROBSON,Scott
Aston,LDP,Liberal Democrats,ROCHE,Liam
Gellibrand,GVIC,The Greens,RODOREDA,Suzette
Leichhardt,CYA,Australian Federation Party,ROE,Paul
Bass,GRN,The Greens,ROSOL,Cecily
Lindsay,ALP,Labor,ROSS,Trevor
Parkes,LDP,Liberal Democrats,ROTHWELL,Peter
Chifley,LDP,Liberal Democrats,ROUGHLEY,Ben
Scullin,VNS,Victorian Socialists,ROWE,Cameron
Greenway,ALP,Labor,ROWLAND,Michelle
Farrer,LDP,Liberal Democrats,ROWORTH,Ian Christopher
Fowler,LDP,Liberal Democrats,RUNGE,Peter Ronald
Dickson,LDP,Liberal Democrats,RUSSELL,Lloyd
Flinders,IND,Independent,RUSSELL,Sarah
Lingiari,CLP,NT CLP,RYAN,Damien
Lalor,ALP,Australian Labor Party,RYAN,Joanne
Kooyong,IND,Independent,RYAN,Monique
Menzies,CYA,Australian Federation Party,SABHLOK,Sanjeev
Kennedy,IND,Independent,SACKLEY,Jen
Sydney,GRN,The Greens,SAHAI,Chetan
Holt,CYA,Australian Federation Party,SALDANHA,Gregory
McMahon,UAPP,United Australia Party,SALIBA,Marie
Berowra,GRN,The Greens,SALITRA,Tania
Bass,JLN,Jacqui Lambie Network,SALT,Bob
Berowra,LDP,Liberal Democrats,SAMIOS,Nicholas
New England,LDP,Liberal Democrats,SAMIOS,Pavlo
Bean,GRN,The Greens,SAVERY,Kathryn Jane
Menzies,UAPP,United Australia Party,SCAGLIONE,Nathan
Mackellar,IND,Independent,SCAMPS,Sophie
Hinkler,ALP,Australian Labor Party,SCANES,Jason
Sturt,CYA,Australian Federation Party,SCARBOROUGH,Kathy
Bendigo,LP,Liberal,SCHADE,Darin
La Trobe,GVIC,The Greens,SCHILLING,Michael
Sturt,TNL,TNL,SCHMIDT,Chris
Watson,GRN,The Greens,SCHOTT,Bradley
Fisher,ON,Pauline Hanson's One Nation,SCHRIEVER,Sam
Macnamara,AJP,Animal Justice Party,SCHULTZ,Ben
Moncrieff,ON,Pauline Hanson's One Nation,SCHULTZ,Leeanne
Flynn,IND,Independent,SCOTT,Duncan
Mayo,ON,Pauline Hanson's One Nation,SCOTT,Tonya
Hasluck,UAPP,United Australia Party,SCOTT,Will
Lingiari,ALP,A.L.P.,SCRYMGOUR,Marion
Page,LDP,Liberal Democrats,SEARLES,Thomas
Ballarat,CYA,Australian Federation Party,SEDGMAN,Kerryn
Goldstein,LDP,Liberal Democrats,SEGAL,David
Solomon,UAPP,United Australia Party,SELFE,Tayla Elise
Hume,ASP,"Shooters, Fishers and Farmers Party",SELLER,Ross Edward
Mitchell,ALP,Labor,SELVARAJ,Immanuel
Chifley,GRN,The Greens,SELVENTHIRAN,Sujan
Higgins,GVIC,The Greens,SEMMENS,Sonya
Wills,CYA,Australian Federation Party,SERGI,Sam
Hughes,IND,Independent,SEYMOUR,Linda
Hughes,ON,Pauline Hanson's One Nation,SEYMOUR,Narelle
McMahon,LDP,Liberal Democrats,SHAMSABAD,Cameron
Eden-Monaro,ON,Pauline Hanson's One Nation,SHANNON,Boyd
Mayo,XEN,Centre Alliance,SHARKIE,Rebekha
Wentworth,LP,Liberal,SHARMA,Dave
New England,IND,Independent,SHARPHAM,Matt
Richmond,IND,Independent,SHARPLES,Terry Patrick
Clark,GRN,The Greens,SHELLEY,Janet
Richmond,IMO,Informed Medical Options Party,SHEPHERD,Monica
Sturt,AJP,Animal Justice Party,SHERLOCK,David
Durack,CYA,Australian Federation Party,SHORE,Craig
Maribyrnong,ALP,Australian Labor Party,SHORTEN,Bill
Werriwa,GRN,The Greens,SHUKLA,Apurva
Macarthur,UAPP,United Australia Party,SICARI,Rosa Antonia
Ryan,LNP,Liberal National Party of Queensland,SIMMONDS,Julian
Petrie,GRN,Queensland Greens,SIMON,Will
Lyne,ALP,Labor,SIMPSON,Alex
Bendigo,GVIC,The Greens,SINCLAIR,Cate
Chifley,LP,Liberal,SINGH,Jugandeep
McMahon,LP,Liberal,SINGHA,Vivek
Blaxland,UAPP,United Australia Party,SINOSIC,Elvis
Reid,ALP,Labor,SITOU,Sally
Canning,ON,Pauline Hanson's One Nation,SIWES,Tammi
La Trobe,CYA,Australian Federation Party,SKINNER,Rebecca
Bruce,LDP,Liberal Democrats,SKROBO,Christine
Calwell,VNS,Victorian Socialists,SMALL,Jerome
Fairfax,IND,Independent,SMITH,Barry
Maribyrnong,LDP,Liberal Democrats,SMITH,Cameron
Canberra,UAPP,United Australia Party,SMITH,Catherine
Bean,ALP,Australian Labor Party,SMITH,David
Grayndler,UAPP,United Australia Party,SMITH,David Bruce
Page,CYA,Australian Federation Party,SMITH,Heather Mary
Hasluck,CYA,Australian Federation Party,SMITH,Marijanna
Casey,LDP,Liberal Democrats,SMITH,Trevor Walter
Groom,IND,Independent,SMOLENSKI,Kirstie
Longman,GRN,Queensland Greens,SNIJDERS,Earl
Flinders,ALP,Australian Labor Party,SNOWBALL,Surbhi
Fenner,GRN,The Greens,SOJIC,Natasa
Hotham,LDP,Liberal Democrats,SOK,Edward
Isaacs,ON,Pauline Hanson's One Nation,SOKIRANSKY,Boris
Banks,ALP,Labor,SOON,Zhi
Corangamite,ON,Pauline Hanson's One Nation,SORENSEN,Luke
Fadden,GRN,Queensland Greens,SPAIN,Sally
New England,GRN,The Greens,SPARKS,Carol
Aston,UAPP,United Australia Party,SPELMAN,Rebekah Jane
Higgins,UAPP,United Australia Party,SPENCER,Ingram Magnus
Curtin,ALP,Australian Labor Party,SPENCER,Yannick
Wentworth,IND,Independent,SPENDER,Allegra
Burt,AUC,Australian Christians,SPYKER,Warnar
Bass,UAPP,United Australia Party,SQUIBB,Kyle
Tangney,AUC,Australian Christians,STAER,Mark
Calwell,LP,Liberal,STAKER-GUNN,Tim
Chisholm,DHJP,Derryn Hinch's Justice Party,STANFIELD,Thomas
Werriwa,ALP,Labor,STANLEY,Anne Maree
Capricornia,ON,Pauline Hanson's One Nation,STANTON,Kylee
Goldstein,ON,Pauline Hanson's One Nation,STARK,Lisa
Mackellar,TNL,TNL,STEELE,Barry
Hughes,IND,Independent,STEELE,Georgia
Warringah,IND,Independent,STEGGALL,Zali
Blaxland,ON,Pauline Hanson's One Nation,STEPANOFF,Adam
Forrest,WAP,WESTERN AUSTRALIA PARTY,STEPHENS,Greg
Indi,ON,Pauline Hanson's One Nation,STEVENS,Beth
Sturt,LP,Liberal,STEVENS,James
Bowman,UAPP,United Australia Party,STEVENS,Mary-Jane
Lilley,GRN,Queensland Greens,STEVENS,Melissa
Dobell,ON,Pauline Hanson's One Nation,STEVENSON,Martin
Hume,GRN,The Greens,STEWART,Karen
Pearce,GAP,The Great Australian Party,STEWART,Roslyn
Melbourne,ON,Pauline Hanson's One Nation,STRAGAN,Walter
Hasluck,GRN,The Greens (WA),STURCKE,Brendan
Bendigo,UAPP,United Australia Party,SUARES,Elijah
Blair,ON,Pauline Hanson's One Nation,SUDUK,Liz
Hawke,ON,Pauline Hanson's One Nation,SUDUK,Nick
Deakin,LP,Liberal,SUKKAR,Michael
Goldstein,DHJP,Derryn Hinch's Justice Party,SULLIVAN,Ellie Jean
Casey,DHJP,Derryn Hinch's Justice Party,SULLIVAN,Peter
Moore,CYA,Australian Federation Party,SUTER,Martin
Longman,UAPP,United Australia Party,SUTHERLAND,Stefanie Alexis
Forde,LDP,Liberal Democrats,SUTHERLAND,Tobby
Flynn,GAP,The Great Australian Party,SVENDSEN,Carla
Moreton,ON,Pauline Hanson's One Nation,SWANN,Neil
Paterson,ALP,Labor,SWANSON,Meryl
Boothby,LP,Liberal,SWIFT,Rachel
Barker,UAPP,United Australia Party,SWIGGS,David
Parkes,ON,Pauline Hanson's One Nation,SWINBOURN,Deborah
Perth,AJP,Animal Justice Party,SZMEKURA-MOOR,Sarah
Nicholls,CYA,Australian Federation Party,TABONE,Eleonor
Kingsford Smith,LP,Liberal,TAN,Grace
Kingsford Smith,UAPP,United Australia Party,TAWAF,Anthony
Ballarat,ON,Pauline Hanson's One Nation,TAXIS,Rosalie
Moncrieff,CYA,Australian Federation Party,TAYLER,James
Hume,LP,Liberal,TAYLOR,Angus
Brand,ON,Pauline Hanson's One Nation,TAYLOR,Jake
Corio,CYA,Australian Federation Party,TAYLOR,Jessica
Longman,ON,Pauline Hanson's One Nation,TAYLOR,Ross
Parramatta,LDP,Liberal Democrats,TAZEWELL,Liza
Wannon,LP,Liberal,TEHAN,Dan
Macquarie,ALP,Labor,TEMPLEMAN,Susan
Forrest,GRN,The Greens (WA),TERRANTROY,Christine
Jagajaga,LDP,Liberal Democrats,TESA,Maya
Werriwa,LDP,Liberal Democrats,TEY,Victor
Eden-Monaro,IND,Independent,THALER,Andrew
Kingsford Smith,ALP,Labor,THISTLETHWAITE,Matt
Kooyong,LDP,Liberal Democrats,THOM,Alexandra
New England,ON,Pauline Hanson's One Nation,THOMAS,Richard
Deakin,DHJP,Derryn Hinch's Justice Party,THOMPSON,Judith
Swan,LDP,Liberal Democrats,THOMPSON,Matthew
Wright,GRN,Queensland Greens,THOMPSON,Nicole
Hughes,GRN,The Greens,THOMPSON,Pete
Herbert,LNP,Liberal National Party of Queensland,THOMPSON,Phillip
Hume,ON,Pauline Hanson's One Nation,THOMPSON,Rebecca
Hunter,NP,The Nationals,THOMSON,James
Gippsland,GVIC,The Greens,THORPE,Marjorie
Jagajaga,ALP,Australian Labor Party,THWAITES,Kate
Fremantle,GAP,The Great Australian Party,TILBURY,Ben
Wills,ON,Pauline Hanson's One Nation,TINDAL,Jill
Maribyrnong,ON,Pauline Hanson's One Nation,TINDAL,Jodie
North Sydney,IND,Independent,TINK,Kylea Jane
North Sydney,LDP,Liberal Democrats,TINKLER,Dajen
O'Connor,UAPP,United Australia Party,TIRRONEN,Tracy Anne
Bowman,ON,Pauline Hanson's One Nation,TODD,Walter
Jagajaga,LP,Liberal,TOMAR,Sahil
Hunter,IMO,Informed Medical Options Party,TOWNSEND,Cathy
Fremantle,GRN,The Greens (WA),TOWNSEND,Felicity
Cowan,GRN,The Greens (WA),TRIPP,Isabella
Warringah,ON,Pauline Hanson's One Nation,TRIPP,Steven
Chisholm,IND,Independent,TSENG,Wayne
Aston,LP,Liberal,TUDGE,Alan
Hotham,ON,Pauline Hanson's One Nation,TULL,Roger
Maranoa,CYA,Australian Federation Party,TUNBRIDGE,Brett James
Paterson,ON,Pauline Hanson's One Nation,TURNER,Neil
Greenway,ON,Pauline Hanson's One Nation,TURNER,Rick
McPherson,GRN,Queensland Greens,TURNER,Scott
Cooper,ON,Pauline Hanson's One Nation,TURNER,William Tristan
Chisholm,ON,Pauline Hanson's One Nation,TYRRELL,Aaron
Nicholls,ON,Pauline Hanson's One Nation,TYRRELL,Rikkie-Lee
Swan,GRN,The Greens (WA),UINK,Clint
McPherson,ALP,Australian Labor Party,UNGERER,Carl
Cunningham,LP,Liberal,UREN,Marcus
Lalor,VNS,Victorian Socialists,URIBE,Claudio
Makin,ON,Pauline Hanson's One Nation,VAID,Rajan
Calwell,ALP,Australian Labor Party,VAMVAKINOU,Maria
Scullin,ON,Pauline Hanson's One Nation,van BREE,Ursula
Flinders,UAPP,United Australia Party,VAN DER END,Alex
Parkes,UAPP,United Australia Party,VAN DER STEEN,Petrus
Cowan,LDP,Liberal Democrats,van KRIEKEN,Micah
Forde,LNP,Liberal National Party of Queensland,VAN MANEN,Bert
Mayo,LDP,Liberal Democrats,VAN RAALTE,Jacob
Barton,GRN,The Greens,VANDIJK,Taylor
Bonner,LNP,Liberal National Party of Queensland,VASTA,Ross
Curtin,UAPP,United Australia Party,VERHOEFF,Ladeisha Louise
Hawke,CEC,Citizens Party,VESSEY,Glenn
Casey,LP,Liberal,VIOLI,Aaron
Gorton,UAPP,United Australia Party,VIRAG,Michael
Paterson,LP,Liberal,VITNELL,Brooke
Perth,WAP,WESTERN AUSTRALIA PARTY,VOS,Dave
Fremantle,SAL,Socialist Alliance,WAINWRIGHT,Sam
Canning,UAPP,United Australia Party,WALDECK,James Gordon
Higgins,AJP,Animal Justice Party,WALKER,Alicia
Fisher,LNP,Liberal National Party of Queensland,WALLACE,Andrew
North Sydney,ON,Pauline Hanson's One Nation,WALLS,Michael
Cowan,ON,Pauline Hanson's One Nation,WALSH,Tyler
Reid,ON,Pauline Hanson's One Nation,WALTERS,Edward
Dickson,UAPP,United Australia Party,WARD,Alina Karen
Hughes,LP,Liberal,WARE,Jenny
Griffith,ON,Pauline Hanson's One Nation,WARE,Shari
Newcastle,LP,Liberal,WARK,Katrina
Spence,UAPP,United Australia Party,WARREN,Alvin Eric
Richmond,IND,Independent,WARTH,David
Grey,UAPP,United Australia Party,WATERS,Suzanne
Bennelong,ON,Pauline Hanson's One Nation,WATERSON,Victor
Corangamite,AJP,Animal Justice Party,WATKINS,Meg
Moore,UAPP,United Australia Party,WATKINSON,Helen
O'Connor,GRN,The Greens (WA),WATSON,Giz
Grey,ALP,Australian Labor Party,WATSON,Julie
Newcastle,ON,Pauline Hanson's One Nation,WATSON,Mark James
Ryan,GRN,Queensland Greens,WATSON-BROWN,Elizabeth
Gellibrand,ALP,Australian Labor Party,WATTS,Tim
Mallee,NP,The Nationals,WEBSTER,Anne
McEwen,LP,Liberal,WELCH,Richard
O'Connor,ALP,Australian Labor Party,WELDON,Shaneane
Lilley,ALP,Australian Labor Party,WELLS,Anika
Fisher,GRN,Queensland Greens,WELLS,Renay
Monash,CYA,Australian Federation Party,WELSH,David Matthew
Whitlam,LDP,Liberal Democrats,WHEELER,Michael
Hawke,GVIC,The Greens,WHEELOCK,Lynda
Fairfax,GAP,The Great Australian Party,WHITE,Craig
Braddon,LDP,Liberal Democrats,WHITE,Duncan
Grey,ON,Pauline Hanson's One Nation,WHITE,Kerry Ann
Grey,GRN,The Greens,WHITE,Tim
Cooper,SOPA,"FUSION: Science, Pirate, Secular, Climate Emergency",WHITEHEAD,Adrian
Chisholm,AJP,Animal Justice Party,WHITFIELD,Rod
Calare,ON,Pauline Hanson's One Nation,WHITTAKER,Stacey
Capricornia,GAP,The Great Australian Party,WHITTY,Zteven
Robertson,LP,Liberal,WICKS,Lucy
Flynn,UAPP,United Australia Party,WIEDEN,Tanya Maree
Lilley,ON,Pauline Hanson's One Nation,WILDE,Michelle
Clark,IND,Independent,WILKIE,Andrew
Dawson,LNP,Liberal National Party of Queensland,WILLCOX,Andrew
Canning,IND,Independent,WILLIAMS,Ashley Elphin
Wide Bay,AUVA,Australian Values Party,WILLIAMS,Daniel
Wide Bay,ALP,Australian Labor Party,WILLIAMS,Geoff
Hasluck,IND,Independent,WILLIAMS,Jeanene
Hawke,CYA,Australian Federation Party,WILLIAMS,Michael
Indi,UAPP,United Australia Party,WILLIAMS,Stephen
Page,UAPP,United Australia Party,WILLIAMSON,Ian
Dunkley,LDP,Liberal Democrats,WILLIS,Damian
Hotham,GVIC,The Greens,WILLOUGHBY,Louisa
Petrie,LDP,Liberal Democrats,WILSON,Anneke
Wannon,ALP,Australian Labor Party,WILSON,Gilbert
Fremantle,ALP,Australian Labor Party,WILSON,Josh
O'Connor,LP,Liberal,WILSON,Rick
Goldstein,LP,Liberal,WILSON,Tim
Hindmarsh,GAP,The Great Australian Party,WITT,Jamie
Whitlam,UAPP,United Australia Party,WODE,Allan
Menzies,LP,Liberal,WOLAHAN,Keith
Fraser,LP,Liberal,WOOD,David
La Trobe,LP,Liberal,WOOD,Jason
Dunkley,CYA,Australian Federation Party,WOODS,Kathryn
Wide Bay,CYA,Australian Federation Party,WOODWARD,John
Berowra,IND,Independent,WOODWARD,Roger
Oxley,GRN,Queensland Greens,WORSTELING,Asha
Wills,LP,Liberal,WRIGHT,Tom
Hasluck,LP,Liberal,WYATT,Ken
Dawson,UAPP,United Australia Party,YOUNG,Christian Nigel
Bonner,ALP,Australian Labor Party,YOUNG,Tabatha
Longman,LNP,Liberal National Party of Queensland,YOUNG,Terry
Macarthur,ON,Pauline Hanson's One Nation,ZAHRA,Adam
Makin,ALP,Australian Labor Party,ZAPPIA,Tony
Jagajaga,UAPP,United Australia Party,ZELINKA,Allison
Grayndler,LP,Liberal,ZHANG,Ben
Sydney,CEC,Citizens Party,ZHOU,Wen
North Sydney,LP,Liberal,ZIMMERMAN,Trent
Wills,UAPP,United Australia Party,ZIVKOVIC,Irene
