state,PartyAB,PartyNm,Surname,GivenNm
ACT,,Australian Labor Party,GALLAGHER,Katy
ACT,,Australian Labor Party,NORTHAM,Maddy
ACT,,Sustainable Australia Party - Stop Overdevelopment / Corruption,ANGEL,Joy
ACT,,Sustainable Australia Party - Stop Overdevelopment / Corruption,HAYDON,John
ACT,,United Australia Party,SAVOULIDIS,James
ACT,,United Australia Party,PAGE,Tracey
ACT,,Liberal,SESELJA,Zed
ACT,,Liberal,LAM,Kacey
ACT,,David Pocock,POCOCK,David
ACT,,David Pocock,DOUBE,Clare
ACT,,Kim for Canberra,RUBENSTEIN,Kim
ACT,,Kim for Canberra,HUYNH,Kim
ACT,,Australian Progressives,FAULKNER,Therese
ACT,,Australian Progressives,LIN,Stephen
ACT,,The Greens,GORENG GORENG,Tjanara
ACT,,The Greens,CRUZ,James
ACT,,Legalise Cannabis Australia,KATELARIS,Andrew
ACT,,Legalise Cannabis Australia,STANVIC,Michelle
ACT,,Animal Justice Party,del VALLE,Yana
ACT,,Animal Justice Party,FAHIZ,Jannah
ACT,,Informed Medical Options Party,SIMMS,Michael
ACT,,Informed Medical Options Party,LIDDICOAT,Mary-Jane
ACT,,Independent,LI,Fuxin
NSW,,Animal Justice Party,BROLLO,Darren
NSW,,Animal Justice Party,POWER,Julie
NSW,,TNL,KEEN,Steve
NSW,,TNL,GREEN,Melissa
NSW,,Citizens Party,LIU,Kingsley
NSW,,Citizens Party,LAWLER,Ann
NSW,,Sustainable Australia Party - Stop Overdevelopment / Corruption,LAMB,Georgia
NSW,,Sustainable Australia Party - Stop Overdevelopment / Corruption,DE VIVE,Suzanne
NSW,,The Greens,SHOEBRIDGE,David
NSW,,The Greens,COHN,Amanda
NSW,,The Greens,FLOOD,Rochelle
NSW,,The Greens,SCOTT,Jane
NSW,,The Greens,ARYA,Hawa
NSW,,The Greens,WHEELER,Danielle
NSW,,,BODDY,Max
NSW,,,GRENFELL,Oscar
NSW,,Liberal,PAYNE,Marise
NSW,,The Nationals,CADELL,Ross
NSW,,Liberal,MOLAN,Jim
NSW,,The Nationals,PENFOLD,Alison Louise
NSW,,Liberal,JARVIS,Mary-Lou
NSW,,Liberal,McGAHEY,Vicky
NSW,,Reason Australia,CARO,Jane
NSW,,Reason Australia,MAHER,Hannah Kate
NSW,,Reason Australia,RYALL,Diana
NSW,,Socialist Alliance,SANCHEZ,Paula
NSW,,Socialist Alliance,LEKA,Niko
NSW,,Socialist Alliance,EVANS,Rachel
NSW,,Federal ICAC Now,JONES,Ross
NSW,,Federal ICAC Now,ANDERSON,Gabrielle
NSW,,Australian Democrats,BATY,Steven James
NSW,,Australian Democrats,ROGERS,Suzanne
NSW,,Australian Democrats,RICHARDS,Craig Edward
NSW,,Indigenous - Aboriginal Party of Australia,WHYMAN,Owen Douglas
NSW,,Indigenous - Aboriginal Party of Australia,BROOKE,Lawrence John
NSW,,"Shooters, Fishers and Farmers Party",DJURIC,Shane
NSW,,"Shooters, Fishers and Farmers Party",GREGORY,Desiree J
NSW,,"Shooters, Fishers and Farmers Party",MILGATE,Brian
NSW,,"Shooters, Fishers and Farmers Party",CROOKS,Jeremy
NSW,,Seniors United Party of Australia,KOCHER,Dessie
NSW,,Seniors United Party of Australia,BENNIE,Ray
NSW,,Informed Medical Options Party,O'NEILL,Michael
NSW,,Informed Medical Options Party,BURNUM BURNUM,Marelle
NSW,,The Great Australian Party,HOPKINS,Matthew
NSW,,The Great Australian Party,NOHRA,George
NSW,,Legalise Cannabis Australia,BALDERSTONE,Michael
NSW,,Legalise Cannabis Australia,HESTER,Gail
NSW,,"FUSION: Science, Pirate, Secular, Climate Emergency",LEONG,Andrea
NSW,,"FUSION: Science, Pirate, Secular, Climate Emergency",BRYCE,Ian R
NSW,,Pauline Hanson's One Nation,McCULLOCH,Kate
NSW,,Pauline Hanson's One Nation,GRIGG,Colin
NSW,,Pauline Hanson's One Nation,SMITH,Roger
NSW,,Liberal Democrats,RUDDICK,John
NSW,,Liberal Democrats,LARTER,John
NSW,,Liberal Democrats,CALDWELL,James Arthur
NSW,,Liberal Democrats,GUEST,Mark Antony
NSW,,Australian Values Party,CLANCY,Selena
NSW,,Australian Values Party,GILBERT,Dave
NSW,,Labor,O'NEILL,Deborah
NSW,,Labor,McALLISTER,Jenny
NSW,,Labor,MORRIS,Shireen
NSW,,Labor,MYERS,Mich-Elle Elizabeth
NSW,,Labor,ROSE,Kylie Anne
NSW,,Labor,WARREN-SMITH,James
NSW,,United Australia Party,MARTINO,Domenic Vincent
NSW,,United Australia Party,WRIGHTSON,Suellen
NSW,,United Australia Party,MOORE,Wayne Leslie
NSW,,United Australia Party,MARTIN,Michelle
NSW,,United Australia Party,YAP,Johnny
NSW,,United Australia Party,LOUGHREY,Kevin Andrew
NSW,,Independent,LIM,Danny
NSW,,Independent,COLLINS,Julie
NSW,,Independent,GRZIC,Warren
NSW,,Independent,LU,Guitang
NSW,,Independent,LAING,William
NT,,NT CLP,PRICE,Jacinta Nampijinpa
NT,,NT CLP,CIVITARESE,Kris
NT,,Liberal Democrats,McMAHON,Sam
NT,,Liberal Democrats,HANSEN,Jed
NT,,A.L.P.,McCARTHY,Malarndirri
NT,,A.L.P.,GANLEY,Kate
NT,,Legalise Cannabis Australia,LAWRENCE,Lance
NT,,Legalise Cannabis Australia,HIBBERT,Kelly-Anne
NT,,Sustainable Australia Party - Stop Overdevelopment / Corruption,WHYTE,Lamaan
NT,,Sustainable Australia Party - Stop Overdevelopment / Corruption,BELCHER,Richard
NT,,The Great Australian Party,ARRIGO,Steve
NT,,The Great Australian Party,MARCUS,Angela
NT,,Citizens Party,CAMPBELL,Trudy
NT,,Citizens Party,FLYNN,Peter
NT,,The Greens,ANLEZARK,Jane
NT,,The Greens,STOKES,Dianne
NT,,United Australia Party,RAJWIN,Raj
QLD,,,HARRIS,Len
QLD,,,YUILLE,Debra
QLD,,Socialist Alliance,LEES,Renee
QLD,,Socialist Alliance,EMANUEL,Kamala
QLD,,Legalise Cannabis Australia,BRADLEY,Bernard Anthony
QLD,,Legalise Cannabis Australia,LUYKEN,Suzette
QLD,,Sustainable Australia Party - Stop Overdevelopment / Corruption,MARTIN,Rhett
QLD,,Sustainable Australia Party - Stop Overdevelopment / Corruption,FIRESTONE,Timotheos
QLD,,Reason Australia,WILLIAMS,Ron
QLD,,Reason Australia,JORDAN,Frank
QLD,,TNL,BRENNAN,Bess
QLD,,TNL,KENNISH,Hannah
QLD,,TNL,HOPLEY,Steven
QLD,,TNL,MOMSEN,Jonathon
QLD,,TNL,INGRAM,Lloyd
QLD,,TNL,CREIGHTON,Jack
QLD,,Federal ICAC Now,PAYNE,Kerin
QLD,,Federal ICAC Now,CARROLL,Ken
QLD,,,DICKSON,Steve
QLD,,,LLOYD,Rebecca
QLD,,,HEAD,Mike
QLD,,,DAVIS,John
QLD,,Queensland Greens,ALLMAN-PAYNE,Penny
QLD,,Queensland Greens,SRI,Anna
QLD,,Queensland Greens,PENNINGS,Ben
QLD,,Queensland Greens,SIDHU,Navdeep Singh
QLD,,Queensland Greens,NELLIGAN,Alyce
QLD,,Queensland Greens,HALEY,Rebecca
QLD,,Indigenous - Aboriginal Party of Australia,HENAWAY,Lionel
QLD,,Indigenous - Aboriginal Party of Australia,CARR,Jenny-Lee
QLD,,Citizens Party,PUKALLUS,Jan
QLD,,Citizens Party,DOEL,Rod
QLD,,The Great Australian Party,MILES,Jason
QLD,,The Great Australian Party,COTTAM,Elise
QLD,,Australian Values Party,RUSSELL,Heston
QLD,,Australian Values Party,HANSEN,Jay
QLD,,Australian Federation Party,TILYARD,Isabel
QLD,,Australian Federation Party,BENNETT,Jackie
QLD,,Australian Federation Party,SMYTH,Michael Francis
QLD,,Animal Justice Party,SEVERNS,Mackenzie
QLD,,Animal Justice Party,WEBER,Sue
QLD,,Australian Democrats,ARBUCKLE,Luke
QLD,,Australian Democrats,SIMPSON,Chris
QLD,,United Australia Party,PALMER,Clive Frederick
QLD,,United Australia Party,BREWSTER,Martin
QLD,,United Australia Party,ADIDI,Desmond
QLD,,United Australia Party,McCABE,Jack
QLD,,Liberal National Party of Queensland,McGRATH,James
QLD,,Liberal National Party of Queensland,CANAVAN,Matt
QLD,,Liberal National Party of Queensland,STOKER,Amanda
QLD,,Liberal National Party of Queensland,TOBIN,Nicole
QLD,,Liberal National Party of Queensland,CRIPPS,Andrew
QLD,,Liberal National Party of Queensland,WARD,Fiona
QLD,,Informed Medical Options Party,LAHN,Allona
QLD,,Informed Medical Options Party,MELHOP,Jasmine
QLD,,Informed Medical Options Party,LAMBETH,Peter
QLD,,"FUSION: Science, Pirate, Secular, Climate Emergency",SELIC,Brandon
QLD,,"FUSION: Science, Pirate, Secular, Climate Emergency",WHATLING,Roger
QLD,,Drew Pavlou Democratic Alliance,PAVLOU,Drew
QLD,,Drew Pavlou Democratic Alliance,LEITCH,Simon
QLD,,Liberal Democrats,NEWMAN,Campbell
QLD,,Liberal Democrats,GRAINGER,Tegan
QLD,,Pauline Hanson's One Nation,HANSON,Pauline
QLD,,Pauline Hanson's One Nation,GURUSWAMY,Raj
QLD,,Pauline Hanson's One Nation,CHRISTENSEN,George
QLD,,Australian Labor Party,WATT,Murray
QLD,,Australian Labor Party,CHISHOLM,Anthony
QLD,,Australian Labor Party,ANDREW,Edwina
QLD,,Australian Labor Party,WARRY,Christina
QLD,,Australian Labor Party,HENDERSON,Jen
QLD,,Australian Labor Party,PASCOE,Richard
QLD,,Katter's Australian Party (KAP),LYON,Robert
QLD,,Independent,SCHEFE,David John
QLD,,Independent,TEMPLE,Lindsay
QLD,,Independent,HAMILTON,Chey Geoffrey
QLD,,Independent,SMITH,Lorraine
QLD,,Independent,QUINLIVAN,Laurence
QLD,,Independent,KOCHARDY,Karakan Karoly
QLD,,Independent,ROGERS,Peter
SA,,Liberal Democrats,MARKOS,Ian
SA,,Liberal Democrats,SMITH,Josh
SA,,Animal Justice Party,PFEIFFER,Louise
SA,,Animal Justice Party,PASTRO,Julie
SA,,Liberal,BIRMINGHAM,Simon
SA,,Liberal,McLACHLAN,Andrew
SA,,Liberal,LIDDLE,Kerrynne
SA,,Liberal,STOCK,Tania
SA,,Australian Labor Party,WONG,Penny
SA,,Australian Labor Party,FARRELL,Don
SA,,Australian Labor Party,GILL,Trimann
SA,,Australian Labor Party,SUTTON,Joanne
SA,,Australian Labor Party,OWENS,Belinda
SA,,,DAY,Bob
SA,,,AMADIO,Pat
SA,,The Great Australian Party,EASON,Jo-Anne
SA,,The Great Australian Party,BENNETT,Trevor
SA,,National Party,BLANDFORD,Lisa
SA,,National Party,BUIJS,Damien
SA,,Sustainable Australia Party - Stop Overdevelopment / Corruption,MICHIE,Elise
SA,,Sustainable Australia Party - Stop Overdevelopment / Corruption,DUXBURY,Jack
SA,,The Local Party,FINNEY,Julie-Ann
SA,,The Local Party,PARNELL,Rodney Kenneth
SA,,Australian Federation Party,BYRNE,Cathy
SA,,Australian Federation Party,DUFFIELD,Nick
SA,,Australian Democrats,YAZBEK,Roger
SA,,Australian Democrats,KANCK,Sandra
SA,,Drew Pavlou Democratic Alliance,YARMUHAMMAD,Adila
SA,,Drew Pavlou Democratic Alliance,YARMUHAMMAD,Amina
SA,,,KAUR,Harmeet
SA,,,KUMAR,Rajesh
SA,,"FUSION: Science, Pirate, Secular, Climate Emergency",WOLFENDALE,Drew
SA,,"FUSION: Science, Pirate, Secular, Climate Emergency",KENNEDY,David
SA,,,XENOPHON,Nick
SA,,,GRIFF,Stirling
SA,,The Greens,POCOCK,Barbara
SA,,The Greens,SUMNER,Major Moogy
SA,,The Greens,SELWOOD,Melanie
SA,,Informed Medical Options Party,CRUISE,Raina
SA,,Informed Medical Options Party,HARLEY,Heather
SA,,Rex Patrick Team,PATRICK,Rex
SA,,Rex Patrick Team,McMAHON,Leonie
SA,,Pauline Hanson's One Nation,GAME,Jennifer
SA,,Pauline Hanson's One Nation,WATCHMAN,Alan
SA,,Legalise Cannabis Australia,GREEN,Tyler Bradley
SA,,Legalise Cannabis Australia,ADAMS,Angela
SA,,United Australia Party,ARBON,Michael
SA,,United Australia Party,SCHILD,Caelum
SA,,Citizens Party,FRANCIS,Russell
SA,,Citizens Party,CURREY,Rodney
SA,,Independent,HOPPER,Michael
TAS,,Sustainable Australia Party - Stop Overdevelopment / Corruption,DUDLEY,Todd
TAS,,Sustainable Australia Party - Stop Overdevelopment / Corruption,LOCKWOOD,Daria
TAS,,Pauline Hanson's One Nation,MAV,Steve
TAS,,Pauline Hanson's One Nation,BUTTON,Norelle
TAS,,Animal Justice Party,DAVIS,Ivan
TAS,,Animal Justice Party,THOMAS-WURTH,Virginia
TAS,,Australian Labor Party,URQUHART,Anne
TAS,,Australian Labor Party,POLLEY,Helen
TAS,,Australian Labor Party,RAINBIRD,Kate
TAS,,Australian Labor Party,HULME,Daniel
TAS,,Australian Labor Party,ROBERTS,Wayne
TAS,,Australian Labor Party,GOURLAY,Chris
TAS,,Legalise Cannabis Australia,OWEN,Matt
TAS,,Legalise Cannabis Australia,FITZGIBBON,Oliver
TAS,,"Shooters, Fishers and Farmers Party",WILLIAMS,Ray
TAS,,"Shooters, Fishers and Farmers Party",DI FALCO,Carlo
TAS,,"Shooters, Fishers and Farmers Party",JONES,Brenton Ronald
TAS,,Australian Federation Party,BROOMHALL,Ray
TAS,,Australian Federation Party,STRINGER,Justin
TAS,,The Local Party,MINSHULL,Leanne
TAS,,The Local Party,POULTON,Linda
TAS,,The Local Party,VAN RAAY,Lara
TAS,,The Greens,WHISH-WILSON,Peter
TAS,,The Greens,BLEYER,Vanessa
TAS,,The Greens,BADGER,Tabatha
TAS,,Liberal Democrats,FIELD,Topher
TAS,,Liberal Democrats,CROFT,Chris
TAS,,United Australia Party,ADAMS,Diana
TAS,,United Australia Party,HENNESSY,Alan
TAS,,Liberal,DUNIAM,Jonno
TAS,,Liberal,ASKEW,Wendy
TAS,,Liberal,ABETZ,Eric
TAS,,Jacqui Lambie Network,TYRRELL,Tammy
TAS,,Jacqui Lambie Network,GROAT,Sarah
TAS,,Jacqui Lambie Network,LAMBIE,Tom
TAS,,Informed Medical Options Party,KERSHAW,Lynne
TAS,,Informed Medical Options Party,PICKERING,Matthew
TAS,,Independent,CROTHERS,Steve
TAS,,Independent,EDWARDS,Fenella
VIC,,Reason Australia,VEGA,Yolanda
VIC,,Reason Australia,MILLWARD,Harry
VIC,,,RICHARDSON,Damien
VIC,,,McBRIDE,John
VIC,,Australian Democrats,GREEN,Leonie
VIC,,Australian Democrats,JAGOE,Stephen Peter
VIC,,Liberal,HENDERSON,Sarah
VIC,,The Nationals,McKENZIE,Bridget
VIC,,Liberal,MIRABELLA,Greg
VIC,,Liberal,KMETJ,Chrestyna
VIC,,The Nationals,HARRINGTON,Mick
VIC,,Liberal,BURGESS,David
VIC,,Legalise Cannabis Australia,SMITH,Elissa
VIC,,Legalise Cannabis Australia,TAYLOR,Wayne
VIC,,Sustainable Australia Party - Stop Overdevelopment / Corruption,WEARNE,Madeleine
VIC,,Sustainable Australia Party - Stop Overdevelopment / Corruption,LONG,Robert
VIC,,Australian Values Party,BURSON,Chris
VIC,,Australian Values Party,ASSER,Samantha
VIC,,Derryn Hinch's Justice Party,HINCH,Derryn
VIC,,Derryn Hinch's Justice Party,STANFIELD,Ruth
VIC,,Animal Justice Party,CURRIE,Bronwyn
VIC,,Animal Justice Party,DELFORCE,Chris
VIC,,Australian Progressives,PITT,Antoinette
VIC,,Australian Progressives,KNIGHT,David
VIC,,Australian Labor Party,WHITE,Linda
VIC,,Australian Labor Party,STEWART,Jana
VIC,,Australian Labor Party,NUNN,Casey
VIC,,Australian Labor Party,BRIDGER-DARLING,Megan
VIC,,Australian Labor Party,McFARLANE,Josh
VIC,,United Australia Party,BABET,Ralph
VIC,,United Australia Party,MORAN,Kelly
VIC,,United Australia Party,GRIMMOND,Kenneth
VIC,,Socialist Alliance,DANCE,Felix
VIC,,Socialist Alliance,CARR,Angela
VIC,,Australian Federation Party,HUGHES,Vern
VIC,,Australian Federation Party,KIM,Karen
VIC,,Australian Federation Party,LACEY,Cheryl
VIC,,Australian Federation Party,MARA,Chris
VIC,,Australian Federation Party,SEWAK,Neerja
VIC,,Australian Federation Party,O'CONNELL,Mark
VIC,,"Shooters, Fishers and Farmers Party",CONSTANTINOU,Ethan
VIC,,"Shooters, Fishers and Farmers Party",BOURMAN,Nicole
VIC,,Pauline Hanson's One Nation,PICKERING,Warren
VIC,,Pauline Hanson's One Nation,HUXHAM,Stuart
VIC,,Citizens Party,BARWICK,Robbie
VIC,,Citizens Party,ISHERWOOD,Craig
VIC,,,JONAS,Morgan C
VIC,,,SMIT,Monica
VIC,,"FUSION: Science, Pirate, Secular, Climate Emergency",CORDNER HUNT,Kammy
VIC,,"FUSION: Science, Pirate, Secular, Climate Emergency",FARRANT,Tahlia
VIC,,,BENEDYKA,Susan
VIC,,,RICHARDS,Christine
VIC,,The Greens,THORPE,Lidia
VIC,,The Greens,FROGLEY,Adam
VIC,,The Greens,AUSTIN,Sissy
VIC,,The Greens,PAYNE,Zeb
VIC,,The Great Australian Party,O'BRYAN,Darryl
VIC,,The Great Australian Party,WHITEHEAD,Geoff
VIC,,Liberal Democrats,LIMBRICK,David
VIC,,Liberal Democrats,MITCHELL,Krystle
VIC,,Liberal Democrats,WHITE,Caroline
VIC,,Informed Medical Options Party,CLONARIDIS,Nick
VIC,,Informed Medical Options Party,CURNOW,Robyn
VIC,,,BYRNE,Peter
VIC,,,WARDLE,Jason
VIC,,Victorian Socialists,MYLVAGANAM,Aran
VIC,,Victorian Socialists,RICCARDI,Laura
VIC,,Independent,FLOYD,Glenn
VIC,,Independent,RIDGEWAY,Allen
VIC,,Independent,BOND,James
VIC,,Independent,SMITH,Neal
VIC,,Independent,DICKS,Max
VIC,,Independent,ATKINSON,Bernardine
VIC,,Independent,ROSS,Paul
VIC,,Independent,DE FRANCESCO,Nat
VIC,,Independent,TOSCANO,Joseph
VIC,,Independent,TRAN,Tara
VIC,,Independent,DILLON,David John
VIC,,Independent,GONSALVEZ,Geraldine Marie Antoinette
WA,,The Greens (WA),COX,Dorinda
WA,,The Greens (WA),CLARKE,River
WA,,The Greens (WA),COLLINS,Simone
WA,,The Greens (WA),CLARKE,Donald
WA,,The Greens (WA),CAHILL,Jordan
WA,,The Greens (WA),WALLACE,Alex
WA,,Australian Christians,CRICHTON,Mike
WA,,Australian Christians,GROENEWALD,Maryka
WA,,United Australia Party,McDONALD,James
WA,,United Australia Party,FORSTER,Rob
WA,,Australian Labor Party,LINES,Sue
WA,,Australian Labor Party,STERLE,Glenn
WA,,Australian Labor Party,PAYMAN,Fatima
WA,,Australian Labor Party,HELPS,Vicki
WA,,Sustainable Australia Party - Stop Overdevelopment / Corruption,OBORN,Karen
WA,,Sustainable Australia Party - Stop Overdevelopment / Corruption,OOSTRYCK,Ryan
WA,,Australian Democrats,MITCHELL,Elana
WA,,Australian Democrats,SIMSON,Simon
WA,,Pauline Hanson's One Nation,FILING,Paul Anthony
WA,,Pauline Hanson's One Nation,MUNDY,Sheila
WA,,Socialist Alliance,HARLEY,Petrina
WA,,Socialist Alliance,SALMON,Alex
WA,,Legalise Cannabis Australia,JOHNSON,Nicola Julia
WA,,Legalise Cannabis Australia,PEET,Aaron
WA,,The Great Australian Party,CULLETON,Rodney Norman
WA,,The Great Australian Party,VINCI,Samantha Lee
WA,,,GEORGATOS,Gerry
WA,,,KRAKOUER,Megan
WA,,Liberal Democrats,FANTINEL,Kate
WA,,Liberal Democrats,McLOUGHLIN,Peter
WA,,Informed Medical Options Party,KINSELLA,Michelle
WA,,Informed Medical Options Party,LOCKYER,Leanne
WA,,Australian Values Party,PIZZEY,Rebecca
WA,,Australian Values Party,FITZPATRICK,Kathy
WA,,Animal Justice Party,DORN,Amanda
WA,,Animal Justice Party,McCASKER,Elizabeth Gay
WA,,,TINLEY,Cam
WA,,,AYRE,Tricia
WA,,Australian Federation Party,WILYMAN,Judy
WA,,Australian Federation Party,BARRETT,Leanne
WA,,Liberal,CASH,Michaelia
WA,,Liberal,SMITH,Dean
WA,,Liberal,SMALL,Ben
WA,,Liberal,SUFI,Sherry
WA,,"FUSION: Science, Pirate, Secular, Climate Emergency",VILJOEN,Tim
WA,,"FUSION: Science, Pirate, Secular, Climate Emergency",WOODINGS,Adam
WA,,WESTERN AUSTRALIA PARTY,McDOWALL,Matthew
WA,,WESTERN AUSTRALIA PARTY,MATHESON,Julie
WA,,Citizens Party,BRAILEY,Denise
WA,,Citizens Party,ROBINSON,Jean
WA,,Federal ICAC Now,COUNT,Matthew
WA,,Federal ICAC Now,WATKINS,Dianne
WA,,Independent,MURPHY,Ziggi
WA,,Independent,BUCKLE,Ashley
WA,,Independent,McDONALD,Peter Robert
WA,,Independent,VAGH,Yunous
WA,,Seniors United Party of Australia,BURDETT,Bob
WA,,Independent,PEGRUM,Valentine
