bylines,band,n_ads,total_spend,pre_spend_s,post_spend_s,persistence,centroid_weeks,ec_index
100% Renewable Community Campaign Public Fund,transitional,199,24250.5,14892.166666666666,9266.5,0.6222398800264122,2.169182606261778,0.6664770876785889
1in50 Incorporated,election_only,239,21130.5,20635.5,0.0,0.0,-5.069268632073023,0.805028129535653
350.org Australia,ongoing,152,34824.0,2885.5,32030.0,11.10032923236874,13.935024763868688,0.34167049458968524
ABC Friends,election_only,864,147168.0,142554.4583333333,49.5,0.00034723572015022335,-6.692224031215324,0.7419983628356469
ACCIONA Australia,election_only,81,8809.5,0.0,8809.5,,13.76743856064476,0.47048313228289396
ACF Community Geelong,election_only,52,4174.0,4174.0,0.0,0.0,-10.764357587788348,0.5859862466235252
ACT Government,ongoing,96,15452.0,821.4166666666667,15026.375,18.293243380338843,20.077457088996546,0.1662060645199726
ActionAid Australia,ongoing,456,42472.0,10035.291666666666,33544.666666666664,3.342669827732959,9.728273413141935,0.25002541274260215
Advance Australia,election_only,613,284393.5,272728.7916666667,31769.375,0.11648705956512657,-12.09885959513557,0.37363067347121715
Advocacy Tasmania,transitional,34,6183.0,3570.9583333333335,2566.416666666667,0.7186912943537567,-0.09060702429202852,0.40875510770009643
Alan Harris,off_campaign,20,2290.0,0.0,2290.0,,19.6983780411728,0.2423700753395077
Alex Antic,transitional,21,16239.5,10120.125,7881.5,0.7787947283259841,-8.649819311947038,0.5393417627209022
Amnesty International Australia,election_only,2262,852619.0,733902.4583333334,156019.2916666667,0.21258859388614257,-10.93829834048946,0.44131080052742555
Ananda Ranga Lalbahadur Sunkanpally,off_campaign,30,2185.0,0.0,2185.0,,19.450474011114743,0.251904845726356
Andrew Wines,transitional,62,3269.0,1965.5,1365.375,0.694670567285678,-4.801162285757176,0.51591606502103
Anglican Aid,election_only,64,3168.0,0.0,3229.875,,13.676518883415435,0.47398004294556023
Animals Australia,transitional,572,51414.0,23745.791666666664,17105.833333333332,0.7203732591213531,9.227118085440734,0.568757201374325
Anita Dow MP,transitional,25,1237.5,940.5,297.0,0.3157894736842105,-6.734285714285715,0.551098901098901
Annastacia Palaszczuk MP,ongoing,58,12971.0,1645.5,11533.416666666668,7.009065127114353,12.46614451834595,0.39164579247698117
Anthony J Snowden,ongoing,65,3217.5,140.25,2998.875,21.38235294117647,14.828421250234651,0.42531515790385693
Arcstream,election_only,95,5302.5,5302.5,0.0,0.0,-8.085289957567186,0.6890273093243391
Armenian National Committee of Australia,transitional,188,9406.0,5363.5,3964.125,0.7390929430409248,-0.7507499803770289,0.47487928375346117
Ashlan Rose Waldock,off_campaign,145,7277.5,9530.083333333334,0.0,0.0,-25.43248072832022,0.031318287347440604
Asylum Seeker Resource Centre (ASRC),transitional,890,114255.0,82619.95833333334,34318.5,0.4153778420165829,-5.848268938367613,0.4837959913113404
Australasian Centre for Corporate Responsibility,transitional,44,6178.0,3860.75,2271.458333333333,0.5883463921086144,-0.8665622867548499,0.49377778697015234
Australia Beyond Coal ,election_only,162,70619.0,72464.125,0.0,0.0,-3.3535796407631264,0.8710161676629566
Australia for UNHCR,transitional,1331,515534.5,332041.12499999994,186126.4166666667,0.5605523010641128,-2.05789698673371,0.6104211470289977
Australian Automobile Association,election_only,1397,127701.5,109158.04166666667,18531.0,0.16976303089595246,-3.626235871846221,0.699575832165845
Australian Childhood Foundation,ongoing,44,12878.0,6317.0,7967.0,1.2611999366788031,-8.677916349961997,0.568842299537483
Australian Christian Lobby,transitional,187,273956.5,177870.625,87721.79166666667,0.49317750846530545,0.9468724073850538,0.6285884138913326
Australian Christians,election_only,36,5882.0,4997.125,656.75,0.131425569702579,-3.3719099100806336,0.8082074897091147
Australian Conservation Foundation,transitional,2229,650085.5,407971.2916666667,264184.0833333334,0.6475555724866671,-3.836952230689506,0.5413297392887119
Australian Council of Social Service,election_only,56,7772.0,7896.75,0.0,0.0,-8.40757725827533,0.6766316439124874
Australian Council of Trade Unions,election_only,42,21529.0,19779.499999999996,0.0,0.0,-6.215324247447152,0.7612254663526182
Australian Counselling Association,election_only,22,1789.0,1789.0,0.0,0.0,-8.214285714285714,0.6840659340659341
Australian Cyber Security Centre,election_only,31,294634.5,294634.5,0.0,0.0,-13.205439160334972,0.49209849383327026
Australian Democracy Network,election_only,38,6581.0,6988.583333333333,0.0,0.0,-3.3362047965985338,0.8716844309000565
Australian Democrats,election_only,115,54142.5,38443.54166666667,4897.0,0.12738160397552686,-9.412969490926715,0.5649444165263169
Australian Education Union,election_only,255,252922.5,253342.95833333334,0.0,0.0,-5.134811184452885,0.8025072621364276
Australian Education Union Federal Branch,election_only,64,19318.0,20115.958333333332,0.0,0.0,-2.0337045836328125,0.9217805929371996
Australian Education Union Tasmania,transitional,116,8642.0,5053.708333333334,1959.2916666666667,0.3876938551723569,4.086174145973803,0.7095158246145697
Australian Education Union Victorian Branch,ongoing,178,86161.0,46489.29166666667,43314.25,0.9317038063424999,-0.4541683748155296,0.0831226292782421
Australian Ethical Investment,transitional,599,153650.5,103749.45833333333,52996.75,0.5108147150969061,-2.4944409493007034,0.516927327570674
Australian Federation of Islamic Councils,off_campaign,106,5247.0,5247.0,0.0,0.0,-17.044474393530994,0.3444432925565001
Australian Manufacturing Workers' Union,election_only,38,3681.0,2196.75,0.0,0.0,-1.1782665951324196,0.9546820540333686
Australian Marine Conservation Society,election_only,100,25350.0,19713.583333333332,4843.625,0.24569987698837098,-3.9310211263252888,0.6714605610958174
Australian Museum,ongoing,141,10979.5,4626.416666666667,5766.125,1.2463479654880487,5.2165861850331074,0.5040199035031067
Australian Nursing and Midwifery Federation,election_only,45,44877.5,45323.625,0.0,0.0,-11.508959573669204,0.5573477087050307
Australian Parents for Climate Action,election_only,408,47596.0,47521.0,0.0,0.0,-9.04280363267969,0.6522141685885083
Australian Renewable Energy Agency,ongoing,63,3218.5,977.625,2249.125,2.3006009461705665,5.567383147572192,0.4079481957571367
Australian Unions,ongoing,535,534432.5,253763.125,270851.5833333334,1.0673401950473829,-1.3607194899304274,0.6352572674687403
Australian Workers Union ,transitional,141,14179.5,8808.208333333334,4879.541666666666,0.5539766411065435,1.7899486071574253,0.7765152298220187
Australian Workers' Union - NSW Branch,election_only,30,1685.0,1651.8333333333333,0.0,0.0,-5.931670438329706,0.7718588292950114
Australian Youth Climate Coalition,election_only,179,41860.5,33485.75,6542.375,0.19537788462256334,-5.674349211306039,0.5836054605607265
Autism Spectrum Australia (Aspect),off_campaign,20,9340.0,10193.333333333334,1695.0,0.16628515369522562,-21.192436562456187,0.1402917179553938
BPH ENERGY LTD,ongoing,241,61629.5,1722.25,60521.75,35.14109449847583,8.849925294004242,0.6535159662328547
Bank Australia,ongoing,461,263869.5,81639.33333333333,188005.91666666666,2.302884026490499,7.353724940454169,0.5681069962180976
Baptist World Aid Australia,election_only,156,16522.0,14456.708333333334,2301.75,0.15921674193929578,-7.389106638048092,0.46578083840610474
Barnardos Australia,ongoing,92,61554.0,10851.666666666668,41385.83333333333,3.8137766856089685,9.6622796522294,0.6031677837995139
Barry O'Rourke MP,ongoing,51,3324.5,1458.0,1982.6666666666667,1.3598536808413353,-0.8581652918869541,0.558820206387296
Baw Baw Shire Council,ongoing,24,2088.0,998.2083333333334,1143.5,1.145552448136244,0.528297114842124,0.6289785485423702
Beau Kane Brandon Lee Brug,ongoing,76,4862.0,1381.875,3583.25,2.593034825870647,5.389311878926944,0.5189034172695208
Ben & Jerry's,transitional,27,111636.5,62390.5,49246.0,0.7893188866894799,6.65499091119072,0.45659257481219834
Ben Carroll MP,ongoing,36,3382.0,488.75,2714.2083333333335,5.553367433930094,16.2131511604785,0.309950407854689
Benjamin  Denis Roberts Yates,off_campaign,60,2970.0,0.0,2970.0,,18.002380952380953,0.3076007326007326
Benjamin John Davison,ongoing,123,14188.5,4718.541666666667,10044.458333333332,2.1287209148306765,0.14444331549594708,0.7540940510865323
Benjamin John Dudman,election_only,26,2387.0,0.0,2387.0,,11.071428571428571,0.5741758241758241
Bernard Anthony Purcell,off_campaign,79,5410.5,6359.375,0.0,0.0,-24.966688662688668,0.045121149121149076
Berry Street,transitional,34,3483.0,2081.541666666667,1638.5,0.7871569549812838,-5.357457273744054,0.1596783387085915
Beyond Zero Emissions,election_only,33,21783.5,21080.625,349.5,0.01657920483856622,-8.542535666164202,0.6441102250856043
Bill Tilley MP,ongoing,232,13184.0,6878.375,6102.833333333333,0.8872492897426112,4.614831053863115,0.3062836075492191
Black Inc.,ongoing,23,2038.5,770.5,1293.0,1.6781310837118755,9.533533524871057,0.5558999699113584
Bob Brown Foundation,ongoing,51,3824.5,1438.1666666666667,2324.125,1.6160331440491364,8.182718549516267,0.4513462283881465
Brad Battin MP,ongoing,191,26654.5,1867.5833333333333,24816.124999999996,13.287827406184462,15.291799459407974,0.3622022354910243
Brad Rowswell MP - Member for Sandringham,ongoing,68,8866.0,202.125,8585.166666666666,42.474541331684186,18.85115680450326,0.2559585013009703
Bradley R Hearn,off_campaign,29,1535.5,0.0,1543.75,,18.662232504337766,0.2824567335498509
Brent Menzies Fleeton,election_only,33,2733.5,2279.75,523.875,0.22979493365500603,-12.100972592880392,0.43160248285309594
Brent Mickelberg MP - Member for Buderim,ongoing,40,2180.0,941.5,1304.5,1.385554965480616,2.070275728278845,0.6362192738250174
Brett Milton Treby,election_only,21,2539.5,0.0,2539.5,,11.198590836216354,0.5692849678378326
Bridget Vallence MP,ongoing,95,7302.5,1419.0,6007.583333333334,4.233673948790228,11.801148704861715,0.44345756242209294
Bridging the Gap Foundation,ongoing,30,7085.0,450.625,5531.833333333334,12.275913083680075,21.845587247637685,0.07894359799930949
Brighter Directions,transitional,231,35034.5,23624.5,10480.0,0.4436072721115791,-0.7994797502633713,0.7878980231895537
Brisbane Flight Path Community Alliance,election_only,46,6677.0,6478.5,0.0,0.0,-7.140503202901907,0.7253652614268497
Bruce Francis Schaafsma,ongoing,34,2283.0,660.0,1532.4166666666665,2.321843434343434,5.803084767298535,0.7348965318766528
CARE Australia,ongoing,333,67433.5,34461.75000000001,33512.666666666664,0.9724598044692059,0.9677417151515859,0.5688547402887233
CBM Australia,off_campaign,112,17144.0,17772.0,0.0,0.0,-17.544559459502906,0.32632031835483893
CCHR Australia,ongoing,27,13836.5,6067.25,7998.125,1.3182454983724092,1.5736376436055612,0.6234154521571317
CFMEU Manufacturing Division,transitional,58,3871.0,3091.7083333333335,962.125,0.3111952669101494,-8.453976541897442,0.39400345984648905
CFMEU Mining & Energy,election_only,96,61952.0,57303.166666666664,1585.0,0.027659902448672124,-4.161493557400771,0.8017556264452217
CFMEU Vic-Tas,off_campaign,30,1885.0,0.0,1880.7916666666667,,16.59145876388172,0.36264210987842443
CHOICE,election_only,93,10403.5,10403.5,0.0,0.0,-10.536196609657464,0.5947616688593282
CPA Australia,ongoing,59,16420.5,5729.041666666667,10687.25,1.8654516098533058,6.006370341309466,0.555542547256825
CS Energy,transitional,68,3366.0,2301.75,1080.75,0.46953405017921146,-3.6203832752613248,0.5505427499329939
Caitlin Mary Collins,ongoing,24,1988.0,1058.3333333333333,1033.4583333333335,0.9764960629921262,-3.6431943452440216,0.4833800046536337
Cancer Council Australia ,election_only,20,72190.0,0.0,72190.0,,4.94919953297845,0.8096461718085212
Cancer Council SA,transitional,232,81384.0,57722.791666666664,24985.625,0.432855450656045,-8.356240734985947,0.5119305717531816
Canva,election_only,24,53288.0,53288.0,0.0,0.0,-11.295880069487636,0.5655430742504755
Cape York Institute,off_campaign,157,40871.5,0.0,40688.166666666664,,17.30474623193944,0.334572242904006
Cape York Institute ,election_only,28,4886.0,0.0,4977.25,,9.204595193846288,0.645977107928989
Caroline M White,off_campaign,44,28878.0,0.0,27582.708333333332,,24.36753336016461,0.06456617696676008
Carolyn Power MP,election_only,60,8970.0,8970.0,0.0,0.0,-12.83853320592451,0.5062102613105958
Catherine Angelique Zeiger,ongoing,45,2227.5,1027.125,1142.625,1.1124497991967872,1.4682237914177079,0.5304391426064431
Catholic Education Tasmania,off_campaign,63,5318.5,0.0,5248.375,,19.06283577569928,0.26705584172180974
Centre For Public Integrity,transitional,27,5336.5,2928.625,1629.0,0.5562337274318153,-1.9412405427325472,0.5987802411789687
Chad Robert Cambell Buchanan,ongoing,80,4260.0,990.0,3270.0,3.303030303030303,11.606136820925553,0.2798444513233246
Charles Christopher Guy Hunter,off_campaign,32,1584.0,2087.25,0.0,0.0,-25.465273856578207,0.030339225991399866
Chris Crabbe,off_campaign,37,1831.5,0.0,1831.5,,20.245173745173737,0.22133947133947138
Christian Medical and Dental Fellowship of Australia,transitional,52,9174.0,4895.5,3795.0,0.7752017158615054,-3.8732811690926883,0.6502712953578842
Christian Schools Alliance,election_only,63,19818.5,18745.75,899.0,0.04795753704172946,-2.416623489009241,0.8796455138798515
Christopher John Gazenbeek,ongoing,22,3889.0,1895.7916666666665,1747.5,0.9217785006263874,-1.7965030315011443,0.5529797287880065
Christopher Phillip Jones,election_only,42,2179.0,2179.0,0.0,0.0,-12.146594112633581,0.532823303360247
Chronic Pain Australia,election_only,51,3124.5,3343.625,0.0,0.0,-2.3676559337331704,0.9089363102410318
Chuffed.org,election_only,290,206755.0,171396.2083333333,35194.375,0.2053392857533556,-10.652245737471674,0.4712756103400119
Cindy McLeish MP,ongoing,237,15631.5,6747.125,9088.0,1.3469440687700316,1.0605502911136744,0.43168364146648186
Cindy McLeish MP ,ongoing,103,5098.5,1117.875,3964.125,3.5461254612546127,6.664772727272726,0.5517741187384044
City of Melville,ongoing,88,4756.0,1337.5833333333333,3484.5,2.6050713351193076,5.6666699584007105,0.5266897277957503
City of Parramatta,ongoing,93,9203.5,2702.375,6413.500000000001,2.3732827605347153,3.2092314101446524,0.66546384811225
City of Sydney,off_campaign,28,7786.0,0.0,7786.0,,22.1055190635206,0.14978772832613063
Class Actions Australia,off_campaign,39,7830.5,9691.833333333332,0.0,0.0,-23.136419469509185,0.11805193224687299
Climate 200,election_only,1351,628224.5,511892.4166666667,117866.16666666667,0.23025573895816975,-5.388662654761448,0.49795806033718887
Clinton de Young,ongoing,31,2534.5,841.5,1593.3333333333333,1.8934442463854229,11.105773838045039,0.260655688688066
Clover Moore Independent Team,off_campaign,34,6183.0,8020.25,0.0,0.0,-25.414684704342136,0.03182492050513617
Cody James Davies,ongoing,73,3613.5,754.875,2788.5,3.6939890710382515,11.952769000498916,0.3629060113344165
Colliers Toowoomba,ongoing,39,2230.5,503.25,1768.5833333333335,3.5143235635038916,4.181393252774663,0.7750485520641781
Comms Declare Inc,election_only,192,11304.0,0.0,11304.0,,7.991703316145991,0.6926267955328463
Conservation Council of Western Australia (CCWA),election_only,26,4987.0,0.0,4991.125,,13.964644386643434,0.46293462104025845
Conservative Political Action Network Ltd,off_campaign,55,29472.5,0.0,24653.0,,20.427238643804575,0.2165278237764345
Construction Forestry Mining Maritime and Energy Union,off_campaign,35,8232.5,0.0,8620.708333333334,,24.86876285577571,0.04675307727309449
Corrine McMillan MP,ongoing,47,2826.5,1106.5,1695.0833333333333,1.5319325199578249,3.0713860784505354,0.4889486387374486
Country Needs People,election_only,47,12226.5,12052.916666666666,365.0,0.030283126490821724,-12.441074963690138,0.47776588240803247
Craig Ondarchie MP,transitional,138,7431.0,5150.833333333333,2366.7916666666665,0.45949684517068434,-8.049836059862498,0.5665073219570151
Cultural Perspectives,election_only,69,4415.5,4415.5,0.0,0.0,-10.214285714285714,0.6071428571428572
D.Cheeseman,ongoing,196,22802.0,7786.875,15393.833333333334,1.9768948818792307,5.246939226712277,0.5695166640142436
DP Indendent Pty Ltd,election_only,110,56295.0,56585.916666666664,0.0,0.0,-8.53870610157289,0.671588226862581
Dan Purdie MP,ongoing,62,6369.0,2582.125,4064.75,1.574187926610834,-0.397012559607764,0.4106135143652774
Daniel Andrews MP,transitional,474,102063.0,65422.58333333333,39445.625,0.6029359128027911,-3.700560550518653,0.513230283499872
Daniel Roy Cregan,election_only,47,3626.5,2940.75,735.5833333333333,0.2501346028507467,-8.787535782288252,0.5142001381971008
Daniela De Martino,off_campaign,30,6385.0,0.0,6489.041666666667,,19.70228838178651,0.24317592486685252
Danny Pearson MP for Essendon,ongoing,393,24453.5,462.0,24278.208333333332,52.550234487734485,19.611109012584347,0.23819338560608258
David Adler,ongoing,73,3613.5,1860.375,1769.625,0.9512195121951219,-0.7142857142857156,0.54493006993007
David Crisafulli MP,ongoing,74,10663.0,3956.333333333333,7634.291666666666,1.9296381329513859,-1.5059384508723959,0.7069914878866078
David Davis MP,ongoing,99,5100.5,2458.5,2621.2083333333335,1.0661819537658463,0.9298047436638069,0.5918540090244503
David Gonzalez,election_only,40,2480.0,0.0,2480.0,,7.544988479262674,0.709808135412974
David J Southwick,ongoing,228,43886.0,2982.2083333333335,41952.87500000001,14.067721068000505,13.053265994568354,0.4602082254964839
David Scaife MLA,transitional,34,1683.0,952.875,750.75,0.7878787878787878,-1.9564164648910416,0.4015911449325493
David Smith MP,election_only,21,3039.5,2657.5,348.5,0.13113828786453433,-4.57627007888984,0.7153099935659816
David Utting,off_campaign,21,2239.5,0.0,2239.5,,21.183570950148308,0.18524727114814188
Day of AI,ongoing,48,2376.0,655.875,1749.0,2.6666666666666665,3.76598872825288,0.7819821687746217
Deborah O'Neill,election_only,55,4022.5,3940.166666666667,0.0,0.0,-5.331497338159492,0.7954635990463578
Democratic Labour Party,off_campaign,32,2684.0,0.0,2306.9583333333335,,24.93453036749585,0.04445372208660812
Democrats Abroad,off_campaign,86,5257.0,0.0,5257.0,,18.604907742058206,0.28442662530545354
Democrats Abroad Australia,ongoing,49,2825.5,1290.0,1552.0,1.2031007751937985,-1.563379662209711,0.48193671652063624
Derryn Hinch’s Justice Party,election_only,20,7390.0,7348.916666666666,207.91666666666669,0.02829215190447572,-1.297714619691418,0.8964814794169021
Destiny Rescue,ongoing,326,202087.0,54722.833333333336,145442.5,2.657802806263077,7.575779914794249,0.5366098366010106
Dirty Clean Food,off_campaign,64,17468.0,0.0,17468.0,,19.546648565540256,0.24820582440229796
DocPlay,ongoing,71,17114.5,4442.625,12676.0,2.853268056610675,6.3548056993062065,0.5225782694913539
Donna Frances Reeman Davis,ongoing,34,1683.0,808.5,952.875,1.1785714285714286,-1.3559718969555044,0.44299611395630134
Double It For Nature,election_only,28,3986.0,3302.3749999999995,529.0833333333334,0.16021297803348603,-7.478365970932987,0.6843083185098301
Dr Christian Rowan MP,ongoing,56,2972.0,1612.875,1317.875,0.8170967991939859,-0.05775581579556647,0.6002980428255528
Dr David Honey MLA,election_only,112,17744.0,0.0,17619.333333333332,,12.107510418749968,0.5346058317557429
Dr David Honey MLA ,election_only,81,24959.5,24530.416666666668,2289.9166666666665,0.09335009257214681,-7.2744080095592025,0.7093280192669961
"Dr Rachel David, CEO, Private Healthcare Australia",election_only,214,16793.0,16999.583333333336,0.0,0.0,-14.833577853798936,0.429477774853887
Dyson4Wannon Campaign,election_only,31,9234.5,7570.25,0.0,0.0,-1.8138861237834192,0.9302351490852532
Edwin Charles Johnstone,off_campaign,20,1990.0,0.0,1990.0,,17.987221823402727,0.30818377602297203
Electoral Commission of South Australia ,election_only,62,61419.0,61423.125,0.0,0.0,-15.332951322719019,0.4102711029723453
"Electrical Trades Union of Australia, Victorian Branch",ongoing,40,128630.0,20824.5,93234.66666666667,4.477162316822333,19.94864142148446,0.2031991822572004
Ellen Sandell MP,ongoing,61,5219.5,2141.75,3193.25,1.4909536593906851,5.471281296023564,0.3075888029496277
Emergency Action Alliance Limited,transitional,128,24036.0,17032.5,7003.5,0.41118450022016734,1.431953260585312,0.6484598880068176
Engineers Australia,ongoing,236,98732.0,14315.541666666666,84603.58333333334,5.909911430758529,8.893492356941664,0.5882957263219927
Entain Group Australia ,election_only,31,35234.5,30086.416666666664,0.0,0.0,-1.8649004712219843,0.9282730587991544
Environment Centre NT,ongoing,27,2536.5,1092.0,1494.0,1.3681318681318682,5.055870898243287,0.4531429272583565
Environment Victoria,ongoing,219,34840.5,19086.958333333332,15512.208333333334,0.8127124323545528,0.9300759032869633,0.4459281385538038
Environmental Defenders Office,ongoing,282,35659.0,15454.5,21623.208333333332,1.3991528896653618,-5.404816300385853,0.5447776588904737
Environmental Justice Australia,ongoing,61,4919.5,671.3333333333334,4547.666666666667,6.77408142999007,11.408822160786139,0.4467952051780371
Epiphany Productions,election_only,28,1386.0,0.0,1427.25,,14.7943848059455,0.43098519977132693
Equality Australia,election_only,41,13629.5,13809.625,2489.5,0.1802728169664274,-14.446134816614828,0.15856435022341164
Evripides Evripidou,off_campaign,36,1782.0,0.0,1410.75,,25.426065162907268,0.02670136880663197
FOUR PAWS Australia,transitional,164,21318.0,13969.166666666668,8642.625,0.6186929547217085,-3.418916226020926,0.7670466880337099
Fair Agenda,transitional,34,5083.0,3174.9583333333335,1697.0,0.5344952033491253,-2.6630913793587947,0.6094432263879869
Fair Business Australia,election_only,38,1881.0,1332.375,0.0,0.0,-1.4201680672268908,0.9453781512605042
Family First Party SA,election_only,20,1690.0,1690.0,0.0,0.0,-11.007480980557903,0.5766353469016191
FamilyVoice Australia,ongoing,46,2377.0,1337.5833333333333,1142.625,0.8542458413805993,-3.023365932681346,0.661546861370465
Fansdonate.com Pty Ltd.,election_only,50,2475.0,0.0,2475.0,,5.865714285714286,0.7743956043956044
Farmers for Climate Action,transitional,86,27857.0,21077.583333333336,6506.791666666666,0.3087067223867378,-2.8504739247007302,0.6591752743310463
Federal ICAC Now,election_only,24,1588.0,1472.3333333333335,0.0,0.0,-1.8268055241113879,0.9297382490726389
Felicity Frederico - State Election Candidate,off_campaign,25,7137.5,0.0,6850.208333333333,,24.553796156703612,0.058668505242514574
Festival of Dangerous Ideas,election_only,730,39335.0,0.0,39339.125,,13.109601446397194,0.495784559753954
Fiona Hui,off_campaign,28,1486.0,0.0,1486.0,,18.94890405691213,0.27119599781107184
Fiona Stuart Simpson,ongoing,37,2931.5,1263.7916666666667,1659.2083333333333,1.3128812106425767,3.6682835638531834,0.5778554322858119
Fire Brigade Employees Union,ongoing,46,45177.0,16182.0,28928.5,1.7876962056606105,8.129270663941083,0.295142264215429
First Peoples' Assembly of Victoria,ongoing,127,11286.5,5878.583333333333,5539.916666666667,0.9423897480969056,-1.5230755436561807,0.588217926342461
First Tier Media,election_only,95,17402.5,13167.458333333332,0.0,0.0,-1.5027921015598973,0.9422003037861579
Flinders University,transitional,54,18073.0,11588.0,6476.75,0.55891870900932,-2.8346375043741463,0.34304152994212367
Future Super,ongoing,272,369564.0,99583.625,272142.0833333334,2.7327995273654015,6.625889730937838,0.48346335971782695
Gabrielle Williams MP,ongoing,54,12573.0,49.5,12074.25,243.92424242424244,22.589539422326304,0.12901001462708858
Gary Maas MP,ongoing,89,19455.5,6618.708333333334,12832.75,1.9388601753866879,5.058567649322413,0.2533262393459251
Gemma Nichole Jenkin,off_campaign,30,2385.0,0.0,2385.0,,18.114854746930217,0.30327481742576085
Gen United,election_only,39,5430.5,4023.125,797.0,0.1981047071617213,-0.3143220203981078,0.771251543508487
Gender Awareness Australia,ongoing,209,100995.5,42929.0,59424.08333333333,1.3842410336447,0.9485163345045428,0.3963032888907944
Genus Earth Pty Ltd,election_only,257,15921.5,0.0,15921.5,,11.606930879628175,0.5535795815527625
George Christensen,election_only,46,39627.0,35879.5,3747.5,0.10444682896918854,-8.384081560552149,0.5862505085194162
Georgie Crozier MP,ongoing,28,1486.0,793.0,771.375,0.9727301387137453,-2.2304662975857545,0.7985107980313734
GetUp!,election_only,424,203038.0,177830.04166666666,20534.958333333332,0.11547519272263942,-3.1839876106215934,0.766909376552585
Gillian M Aldridge,off_campaign,35,5132.5,0.0,5132.5,,21.659167768422517,0.1669550858299032
Glen Eira City Council,ongoing,25,1637.5,429.0,1196.2916666666667,2.7885586635586637,15.640317305685057,0.2934473299664163
Go Gentle Australia,ongoing,26,15387.0,3147.2916666666665,13459.666666666668,4.276587012643146,2.2229444126440114,0.7889352616738478
Go Neutral,transitional,121,24989.5,15497.5,10299.25,0.6645749314405549,-8.218346303313401,0.45723609978554886
Goods International Pty Ltd,election_only,252,12674.0,0.0,12674.0,,6.384380847178701,0.7544468904931267
Gordon Rich-Phillips MLC,ongoing,286,16457.0,5482.833333333333,11069.208333333332,2.0188847007325896,2.9376605461202288,0.6084978699245823
Grace Grace MP,ongoing,27,1536.5,152.625,1388.0,9.094185094185095,16.191921182266007,0.22700042351157973
Great Barrier Reef Foundation,ongoing,98,131201.0,37781.0,93232.70833333333,2.467714150851839,3.3579780341960763,0.5988639956478564
Great Plastic Rescue,election_only,27,1536.5,0.0,1536.5,,10.236739342661894,0.6062792560514656
Greener,election_only,24,1188.0,1188.0,0.0,0.0,-3.214285714285714,0.8763736263736263
Greenfleet,ongoing,870,70665.0,28557.708333333332,45393.791666666664,1.5895460215791124,0.8412005390920628,0.4959555866966468
Greening Australia,ongoing,266,30167.0,7185.666666666667,26660.749999999996,3.710268126362666,1.1389249899493474,0.6483011008545467
Greenpeace Australia Pacific,ongoing,9567,1539516.5,805076.25,741720.4583333334,0.9213046072758119,0.15566910443763596,0.4681257470983449
Greg Hunt MP,election_only,40,8080.0,8096.5,0.0,0.0,-9.489636174361056,0.6350979734154563
Gregory Brown,election_only,41,2829.5,0.0,2829.5,,13.911001438921566,0.46496148311840124
Guardian Labs,transitional,29,6535.5,4415.625,2178.625,0.49338995046001416,1.0714746072064947,0.5644465478790839
HEATHER LYNN HOLMES-ROSS,transitional,24,1988.0,1474.5,546.5,0.3706341132587318,-4.895507881529651,0.43104613100902067
HSU National,election_only,57,34521.5,34983.0,0.0,0.0,-3.7222645897395057,0.8568359773177113
Hawkesbury Matters,election_only,21,1139.5,1024.0,99.0,0.0966796875,-8.137148581605395,0.5562507950642411
Hawthorn Independents,off_campaign,22,30589.0,0.0,30669.041666666668,,21.798497942414784,0.16228209721037046
Hayley Edwards,transitional,37,2031.5,1289.0,767.25,0.5952288595810706,-7.22984802431611,0.5067934800761549
Health Care Providers Association,ongoing,75,189312.5,45803.91666666667,152873.3333333333,3.3375602886943794,11.402749158437091,0.35185693353777536
Helen Beatrice Polley,transitional,35,3632.5,2753.083333333333,900.125,0.3269515997215244,-3.715916700747387,0.548317206249161
Humane Society International Australia,transitional,122,20039.0,11595.875,8260.916666666666,0.7124013208720055,-0.5112149765238652,0.7618433599395193
Hume City Council,ongoing,27,2736.5,1071.375,1644.5,1.5349434138373586,6.049694586722247,0.3448871283362929
Hunter Jobs Alliance,transitional,147,41776.5,29499.708333333332,13260.208333333332,0.4495030318096365,-2.0495568697096993,0.8438348673440336
IWDA,election_only,185,19657.5,17785.875,1731.4583333333335,0.09735019128006542,-9.949619263950968,0.5958974524757931
Impact X Pty Ltd,election_only,233,18033.5,0.0,18033.5,,14.091506283939811,0.4580189890792381
Independent Australia,ongoing,72,3564.0,1559.25,1996.5,1.2804232804232805,2.1012595293337752,0.5509739680273323
Independent Cowper Pty LTD,election_only,44,8178.0,8186.25,0.0,0.0,-7.171332591671575,0.7241795157049395
Indian Link,transitional,43,2128.5,1142.625,849.75,0.7436823104693141,2.4451345755693583,0.6084795122062204
Institute of Public Affairs,ongoing,115,27392.5,10644.791666666668,17071.291666666664,1.6037224777375474,4.336618844739881,0.5107480554971934
International Justice Mission Australia,transitional,23,1938.5,1344.5,598.125,0.4448679806619561,1.023118571152803,0.6442554292756982
Invasive Species Council,ongoing,758,96621.0,27928.416666666668,66038.33333333334,2.3645570073491458,8.056660302966842,0.5215390539660827
It's Not A Race,election_only,445,218977.5,205297.16666666666,0.0,0.0,-4.487047840406954,0.8274212369074248
Ithaka,election_only,118,64341.0,61471.79166666667,7594.0,0.12353633746643955,-0.13323105565405935,0.8613612130955799
Jack Boyd - Sutherland Shire Councillor,off_campaign,41,2029.5,2421.375,0.0,0.0,-24.917011438306158,0.046707976861298794
Jackson Taylor MP,ongoing,256,41372.0,6649.125,34683.916666666664,5.216312923379642,13.114502392081972,0.3624128396067311
Jacqui Hawkins,off_campaign,33,4633.5,0.0,4413.958333333333,,24.45575251670499,0.062413609423568384
Jagdish Harish Lakhani,off_campaign,26,1287.0,0.0,1287.0,,21.32417582417582,0.17983939137785293
Jam Yuqi Xia,transitional,23,1138.5,668.25,515.625,0.7716049382716049,-2.4808362369337975,0.544817551786193
James Anthony,ongoing,48,2376.0,1167.375,1179.75,1.010600706713781,-2.749435099171478,0.5705498368064273
James Mackay,transitional,64,3168.0,1843.875,1357.125,0.7360178970917226,-1.8418630338733428,0.50908434349156
James Oliver Gibson,election_only,476,27962.0,24305.708333333332,0.0,0.0,-3.1723502635942618,0.8779865283232977
Jane Kelsbie MLA,ongoing,40,2780.0,596.0,2221.291666666667,3.726999440715884,6.629365842321546,0.6371407930973115
Jane Lomax-Smith,off_campaign,61,3919.5,0.0,3923.625,,21.410949240634796,0.17654816431457931
Jason Hunt MP,transitional,25,1337.5,759.0,599.125,0.7893610013175231,-2.5303924791269483,0.455256064690027
Jason S Mc Clintock,ongoing,92,12154.0,1587.0,10400.0,6.553245116572149,14.607503863312237,0.330275514438566
Jay Suvaal,off_campaign,29,1935.5,2506.4166666666665,0.0,0.0,-25.373111395038453,0.033090799548557925
Jayamala Vijay Gupte,off_campaign,20,1090.0,1317.2083333333333,0.0,0.0,-24.9906909905961,0.04450822324798217
Jayson Walmsley,off_campaign,26,1687.0,0.0,1687.0,,20.725251926496735,0.2028749259039716
Jean Hailes for Women's Health,transitional,207,62646.5,36006.375,28152.041666666664,0.7818627025538301,0.778141883548293,0.5862470993309244
Jeremy Rockliff ,off_campaign,61,8119.5,0.0,7874.375,,18.39899311736759,0.2929953449994724
Jilly Gibson,off_campaign,58,2871.0,3320.625,0.0,0.0,-24.73416149068323,0.05216708757081422
Jimmy Sullivan MP,election_only,52,2574.0,0.0,2549.25,,14.712898751733707,0.43454603648778417
Jodi Lee Foundation,election_only,39,24230.5,0.0,24230.5,,7.000278574523844,0.7307585163644675
Jodie Hanns MLA,transitional,48,2376.0,1666.5,734.25,0.4405940594059406,-5.72287677957781,0.4408727011819795
John Gardner MP,ongoing,23,1138.5,577.5,610.5,1.0571428571428572,-2.474702380952381,0.44568452380952384
John Kelly,off_campaign,24,1788.0,0.0,1788.0,,18.371564397571106,0.2934013693241881
John Kennedy MP,ongoing,39,5030.5,645.5,4418.5,6.845081332300542,14.738938021891219,0.3457194341006545
John-Paul Marx,off_campaign,57,3721.5,0.0,3717.375,,22.702473423546763,0.12736448124322636
Jordan Crugnale MP,ongoing,43,5428.5,1006.4583333333333,4368.25,4.340219416269924,11.301490335577457,0.33476635541088656
Jorden Mitchell Gunton,off_campaign,23,1438.5,0.0,1438.5,,16.956378171706636,0.34783160878051395
Joshua Black,off_campaign,34,1683.0,1984.125,0.0,0.0,-24.891000891000896,0.047451508989970484
Joshua P Sinclair,ongoing,40,14480.0,1000.125,13912.958333333334,13.91121943090447,20.388426110342543,0.17223297609647403
Joshua Richard Last,ongoing,33,3933.5,1531.2916666666665,2273.0000000000005,1.484367772305516,4.337399334398339,0.779239166581313
Julieanne Gilbert MP,ongoing,43,2528.5,1093.125,1456.0,1.3319611206403659,1.8194268341377644,0.4792015467492347
KORE Communication Strategy Research,off_campaign,22,1389.0,1504.5,0.0,0.0,-17.65787162322556,0.3240146775789846
Karlo Perkov,ongoing,41,2029.5,1056.0,1043.625,0.98828125,-0.8380578164468159,0.427146527342991
Kaspar Wilson Deane,election_only,44,2178.0,0.0,2178.0,,14.899350649350648,0.42694805194805197
Kat Theophanous MP,ongoing,64,20468.0,7173.0,13228.333333333334,1.8441842093034064,4.521609815418227,0.5302783126291395
Kate Lardner,off_campaign,80,25560.0,0.0,26258.833333333332,,21.788503823203257,0.16315043610302987
Katherine Ella Chaney,election_only,62,38019.0,35061.333333333336,0.0,0.0,-4.411799119366336,0.8303154184859103
Katherine Leanne Rainbird,election_only,29,2635.5,2395.6666666666665,0.0,0.0,-3.273802898089805,0.8740845039196229
Katie Hall MP,ongoing,30,8385.0,3985.75,3454.291666666667,0.8666603943214368,-0.5039486306000275,0.47604973976634074
Katrina Stratton,ongoing,52,2674.0,1303.5,1407.625,1.0798810893747604,0.3860877469158166,0.47579620803374784
Katy Gallagher,ongoing,27,7236.5,1838.625,4854.333333333333,2.640197611439708,15.207522653962009,0.29272266975138783
Keep Top End Coasts Healthy,ongoing,21,3339.5,1087.0833333333333,2069.25,1.9034879264085858,10.843428933512364,0.483529829553697
Kelly Marie Sims,ongoing,201,9949.5,858.0,9145.125,10.658653846153847,11.74839469808542,0.5291514670896115
Kim For Canberra,election_only,71,25814.5,25987.458333333332,0.0,0.0,-5.120233134435497,0.8030941207216942
Kim Giddens MLA,ongoing,46,4077.0,1724.75,2298.375,1.332584432526453,2.7214659298549306,0.5283204186419971
Kim Wells MP,ongoing,46,4577.0,297.0,4217.458333333333,14.200196408529742,19.116803286794152,0.2551122629297384
Koffels Solicitors and Barristers,ongoing,62,213919.0,45463.583333333336,167235.4166666667,3.6784477686353365,6.6837254815042675,0.5588323798887789
Kua,off_campaign,146,8127.0,8440.5,0.0,0.0,-23.343365745089578,0.10298381495289258
Lateral Events,transitional,26,1987.0,1439.5,547.5,0.3803403959708232,-1.033359695161406,0.8376245043331102
Laura Jane Cowell,off_campaign,21,1039.5,1122.0,49.5,0.04411764705882353,-19.03822937625754,0.2568487850177991
Lauren Kathage,election_only,42,3479.0,0.0,3479.0,,11.061224489795919,0.5745682888540032
Leader of the Opposition,election_only,30,7185.0,0.0,7185.0,,6.146883388010737,0.7635814081534333
Leanne Linard MP,ongoing,47,3026.5,743.5,2283.0,3.070611970410222,8.723596327676946,0.41093917646866596
Les Walker,ongoing,22,1089.0,148.5,961.125,6.472222222222222,6.624004248539564,0.6884472404918501
Lighter Footprints.org,ongoing,48,3176.0,1299.1666666666667,1636.5,1.2596536241180243,9.8382577170757,0.511593082176141
Lily D'Ambrosio MP,ongoing,33,2833.5,243.375,2531.875,10.403184386235234,14.688425753149652,0.38250711994068454
Linda Louise Campbell,off_campaign,27,1336.5,1782.0,0.0,0.0,-25.526785714285715,0.028502747252747214
Linkedin Local Sunshine Coast,ongoing,32,2184.0,248.5,1968.6666666666665,7.922199865861837,3.435530116729846,0.7539367720905722
Lizzie Blandthorn,ongoing,39,4730.5,928.125,4789.333333333333,5.160224466891133,0.9795904981921497,0.8458013575635772
Local Government Association of Queensland,election_only,78,10161.0,9383.041666666666,0.0,0.0,-2.6981706485421078,0.8962242058253037
Lock The Gate Alliance,ongoing,73,7913.5,2913.125,5137.333333333333,1.7635128370163768,4.372401896668113,0.42045114260723104
Lord Mayor's Charitable Foundation,election_only,22,1589.0,0.0,1642.9583333333333,,4.314777712966954,0.8340470110397324
Louise Anne Bloomfield,election_only,43,3428.5,0.0,3428.5,,13.302412550261465,0.4883687480668668
Louise Eileen Staley,ongoing,155,31972.5,8152.083333333333,24132.125000000004,2.9602402248913884,11.509869284094556,0.39501094410873583
Louise Marie Elliot,ongoing,40,5080.0,1421.4583333333333,3633.458333333333,2.5561483218525574,4.752207304062758,0.5849382487474114
Luba Grigorovitch ALP Candidate for Kororoit,off_campaign,78,5661.0,0.0,5892.333333333333,,20.539688376340525,0.21173770224796987
Lucas M Moon,election_only,31,4734.5,0.0,4734.5,,11.897262495662538,0.542527872908589
Lucy Hood MP,election_only,24,1188.0,0.0,1344.75,,9.534180543382998,0.633435582822086
MEAA,ongoing,48,7976.0,1314.625,6649.0,5.057716078729675,6.41054227966595,0.6474290698026748
Madman Films,election_only,33,3033.5,2706.2083333333335,248.5,0.09182589416311258,-10.812702083639712,0.5346779206156189
Maree Edwards MP,ongoing,21,1139.5,193.875,978.7083333333334,5.048140984311197,16.856533701534055,0.2683283598641427
Mark Buttigieg MLC,election_only,43,8428.5,6351.666666666667,297.0,0.04675938073996326,-2.7889498073369525,0.8316174137203417
Mark Hammel,transitional,27,2136.5,1114.2916666666667,647.625,0.5811988183823804,0.047810487766974774,0.801782004591445
Mark M Aldridge,transitional,25,1337.5,870.9583333333334,346.5,0.39783763096206287,2.904113272674824,0.6879102450648362
Mark Paul Michael Turner,ongoing,36,2782.0,942.5,1914.25,2.0310344827586206,1.2505782045031186,0.5579053177504214
Mark Swivel Team,off_campaign,44,4178.0,4563.291666666667,0.0,0.0,-24.38161284473797,0.06269266941387755
Market Forces,ongoing,50,4875.0,3046.1666666666665,2482.4583333333335,0.81494501285769,-6.6850741110389755,0.2350405817474935
Martha Haylett,off_campaign,48,3776.0,0.0,3726.5,,18.38657970903375,0.2932617664101631
Mary-Anne Thomas MP,ongoing,25,2037.5,41.25,1830.6666666666665,44.37979797979798,15.986132751636024,0.3843574513008694
Master Builders Australia ,election_only,124,8038.0,7803.125,41.25,0.0052863436123348016,-3.2940960879611185,0.8630585015335234
Matt Fregon MP,ongoing,65,6417.5,716.5416666666666,5621.166666666667,7.844856661045532,6.172345231442566,0.7270858657137872
Matt Mitchell,off_campaign,24,1388.0,0.0,1388.0,,19.74861053931659,0.24043805618013114
Matthew D Bach,ongoing,25,6837.5,1752.2083333333333,5226.791666666667,2.9829738663115597,6.382140469026125,0.6403999741243617
Meaghan Scanlon - Member for Gaven,ongoing,53,3123.5,1707.7916666666667,1440.7083333333333,0.8436089491790079,3.0639420132035657,0.43903341378329463
Meat & Livestock Australia,ongoing,82,110959.0,24356.583333333332,87069.41666666667,3.574779577047958,13.736163462746573,0.39091634363159855
Michael Brown MP,election_only,48,2476.0,2306.958333333333,218.625,0.09476764137482617,-13.699239685315504,0.41667703069359463
Michael Farnden,off_campaign,36,1782.0,0.0,1782.0,,20.230158730158735,0.22191697191697196
Michael Janusz Dudek,off_campaign,28,2586.0,0.0,2456.9583333333335,,22.98564814702654,0.11675435152125506
Michael Ray - Independent Candidate for Eureka ,off_campaign,40,2080.0,0.0,2026.2083333333333,,23.714100639536078,0.08997920790266922
Michaela Settle,ongoing,92,11054.0,1341.5,9770.333333333334,7.2831407628276805,9.608013336275999,0.5510933547561166
Mick de Brenni,ongoing,23,1338.5,604.1666666666666,697.125,1.1538620689655172,3.931098679425663,0.65564241080555
Mike Williams,off_campaign,56,11672.0,0.0,11631.083333333334,,22.924892350239656,0.11962569038077912
Minderoo Foundation,election_only,28,44286.0,39787.0,4873.916666666667,0.12250023039351213,-8.537303975964921,0.649225438464165
Minh Bao Nguyen,election_only,100,7750.0,0.0,7601.166666666667,,13.23807905428051,0.4912734501668217
Minus18,ongoing,68,6466.0,3550.083333333333,2982.0,0.8399802821530011,-0.49989520589763003,0.5649939331574848
Misty Norris,ongoing,22,1089.0,396.0,705.375,1.78125,5.304440877474585,0.4446639502819278
Moira Therese Were,off_campaign,52,2574.0,0.0,2574.0,,21.11263736263736,0.18797548605240916
Monash University,ongoing,96,217902.0,10206.375,214161.0,20.983062056802734,4.304835084062678,0.8294003265147131
Mornington Peninsula Shire,off_campaign,24,5288.0,0.0,5279.666666666667,,19.132256049714538,0.26459392381720187
Munhemul Karim Khan,off_campaign,169,8365.5,0.0,8365.5,,18.850803043110734,0.2749691137265102
Murray Watt - Senator for Queensland,election_only,69,31715.5,22024.125,750.625,0.03408194423160966,-1.011385572681525,0.9036259490188733
Musicians Australia,ongoing,83,13308.5,4286.875,9154.458333333334,2.135461923506828,2.3947901462439947,0.5940655927372895
Médecins Sans Frontières Australia,ongoing,469,304515.5,137489.125,153933.2083333333,1.1196027928269476,0.603708388202427,0.5868137612347334
NATIONAL ZAKAT FOUNDATION INCORPORATED,off_campaign,412,20394.0,0.0,20460.0,,19.590149769585253,0.2468340127614321
NSW Electoral Commission,ongoing,92,143854.0,71626.95833333333,67089.66666666667,0.9366538553047126,0.8250632402225637,0.21686605149113702
NSW Nurses and Midwives' Association,transitional,21,29489.5,17116.666666666668,12673.083333333334,0.74039435248296,4.283972914940781,0.6439946708936043
NSW Parliament,transitional,86,4757.0,3045.458333333333,1740.75,0.5715888413074114,-5.6452418469237635,0.5806935449354206
NSW Teachers Federation,ongoing,31,32784.5,10516.208333333334,24545.0,2.334016141749442,5.7188365991922625,0.249555202904643
National Disability Services,election_only,37,9731.5,8773.125,0.0,0.0,-5.241278661496657,0.7984123591732055
National Farmers Federation,election_only,27,7936.5,7546.25,0.0,0.0,-3.5419981542393337,0.8637693017600255
National Party of Australia,election_only,40,26880.0,24319.208333333332,0.0,0.0,-4.5122454888808985,0.8264520965815039
National Party of Australia (S.A.) Inc.,election_only,58,3571.0,3409.2916666666665,0.0,0.0,-9.64223995698031,0.6291446170392189
National Party of Australia (SA) Inc.,off_campaign,42,2179.0,2191.4583333333335,0.0,0.0,-16.04606630179403,0.38284360377715254
National Party of Australia - Victoria,off_campaign,67,32716.5,0.0,32138.041666666668,,19.930632755907315,0.2340804319644298
National Recovery and Resilience Agency,election_only,22,37389.0,37389.0,0.0,0.0,-7.505681579379725,0.711319939254626
National Retail Association,off_campaign,317,26391.5,0.0,26391.5,,18.45062533662083,0.29036056397612203
National Shooting Council,transitional,41,10629.5,5886.291666666667,4609.375,0.7830694197676805,2.9000948237140953,0.5376633283507548
National Youth Commission Australia,transitional,350,17525.0,7838.333333333333,5479.083333333333,0.699011269402509,-0.19351717183816752,0.9508676360152187
Nature Conservation Council,transitional,333,29883.5,20825.0,9606.166666666668,0.46128051220488203,-8.137757812518338,0.5785342763290263
Nature Conservation Society of South Australia,transitional,25,2337.5,1403.4583333333333,988.0,0.7039752991123119,1.8238099386457252,0.46886162883200944
Nature NSW,off_campaign,20,1390.0,1448.0833333333335,0.0,0.0,-23.727521600802373,0.08740301535375478
Ned Mannoun,off_campaign,34,1683.0,2107.875,0.0,0.0,-25.19178082191781,0.038504548289284055
New Israel Fund Australia,transitional,61,3419.5,2240.4583333333335,840.375,0.37509066225288723,-4.028080683179413,0.5176996792766336
Nick Staikos MP,ongoing,54,3273.0,1295.25,2002.6666666666667,1.5461622595380557,4.990262611677646,0.475139080755
Nick Wakeling MP,ongoing,318,29741.0,5446.708333333333,24200.166666666664,4.44308106578132,11.775341494877706,0.4498796695381497
Northern Land Council,transitional,23,1938.5,1116.75,797.0,0.7136780837250951,5.557040216478493,0.5098097199991386
Northern Territory Electoral Commission,ongoing,24,4988.0,49.5,4938.5,99.76767676767676,15.129539466147325,0.41564094486107317
OZ Arab Media,election_only,181,9059.5,6947.5,2079.0,0.29924433249370275,-4.474519470448125,0.6195317450510492
Office of Dr Sam McMahon,election_only,28,5586.0,5070.666666666667,0.0,0.0,-5.881037291987529,0.7738062580004798
Office of Dustin Halse MP,ongoing,67,18316.5,4575.833333333333,13774.0,3.0101620834092153,5.0725175264340026,0.6580643729334907
Office of Paul Hamer MP,ongoing,33,7233.5,726.375,6815.291666666667,9.38260769804394,10.978415943172848,0.5389193430878514
Office of Ros Spence MP,ongoing,35,7632.5,1072.4166666666667,6456.291666666667,6.020320149195742,11.69721692284217,0.4579545304575605
On Your Side,off_campaign,24,1488.0,0.0,1516.7916666666667,,24.552945008456916,0.05793206875535257
One Girl ,ongoing,60,3170.0,992.0,2305.875,2.3244707661290325,-0.3841867869461401,0.6028894730331261
Our Watch,ongoing,28,286036.0,44447.0,244734.66666666666,5.506213392729918,15.093343284786377,0.14550202893487682
Ourschool,off_campaign,45,2227.5,2673.0,0.0,0.0,-25.302248677248677,0.03624847374847371
Oxfam Australia,ongoing,2138,262631.0,103968.04166666666,151259.37500000003,1.4548641349324898,4.894312042812611,0.5535937677846087
Parachute Digital,transitional,64,3668.0,1955.125,1527.3333333333335,0.7811947232700382,-7.374475474871508,0.5956384096168013
Parliament House of Cards Pty Ltd,ongoing,231,19534.5,10147.916666666668,9840.583333333332,0.9697146376514061,-3.8290204367511325,0.6660811766216124
Parliament of Victoria,ongoing,214,19793.0,6366.541666666667,13695.666666666666,2.15119406794636,3.338637173482125,0.5692447162343921
Parliament of Victoria (Stuart Grimley MP),ongoing,37,5731.5,947.625,4875.291666666667,5.144747834498527,7.52537081523128,0.5708676010930036
Patrick Gerard Caprice,election_only,30,1985.0,2067.9166666666665,49.5,0.02393713479750151,-11.626246043302993,0.5249057290853505
Paul Amos for Mayor,off_campaign,43,2228.5,2884.7083333333335,0.0,0.0,-25.371010108721894,0.03315353489403433
Pauline Richards MP,ongoing,50,25875.0,9800.625,16049.791666666666,1.6376294028867207,5.437950710014345,0.4752779843743883
Peter James Hood,transitional,91,4804.5,3122.625,1735.5,0.5557823946199111,-5.622352097921376,0.466672463005925
Phillip Stone,off_campaign,21,1039.5,0.0,1039.5,,20.642857142857146,0.20604395604395606
Plan International Australia,ongoing,397,377251.5,180296.25,197310.20833333334,1.0943666789150264,1.8056287027854105,0.5981889007224579
Prime Super,election_only,565,44467.5,0.0,44211.75,,15.893174406609749,0.3888511966978098
Private Media,ongoing,2983,172758.5,33685.083333333336,136027.16666666666,4.038201874717048,11.48461222423473,0.38048972539853426
Public Schools First,off_campaign,21,1139.5,1263.3333333333335,0.0,0.0,-23.665835846211834,0.09246661979181761
Public Service Association of NSW,transitional,67,4516.5,2535.4583333333335,1914.7083333333333,0.7551724704606333,0.5191793244768786,0.6212384624850449
Public Service Association of SA Inc,election_only,21,1239.5,1251.875,0.0,0.0,-12.738149917980172,0.5100711570007627
Queensland Conservation Council,ongoing,113,29293.5,2609.2083333333335,26635.041666666668,10.208093131697034,16.616467339733454,0.3167181028448628
Queensland Family and Child Commisison,ongoing,62,8069.0,1045.625,8300.583333333334,7.9383941024108395,7.453005834426107,0.6818173556601349
Queensland Nurses and Midwives' Union,election_only,27,6936.5,6254.666666666667,0.0,0.0,-6.449290244236683,0.7540334352547898
Queensland Resources Council,ongoing,23,13888.5,941.5,12996.5,13.804036112586298,5.470792847918332,0.6807920654105544
Queensland Unions,election_only,56,30172.0,25243.833333333332,1446.3333333333333,0.05729452077405043,-1.6778428295778633,0.8875092801117367
RACGP,election_only,40,12280.0,11432.5,864.0833333333333,0.07558131059115095,-2.449733907889629,0.8643422869257961
REA Group,election_only,39,83230.5,0.0,92606.70833333334,,4.816291399233329,0.8147580231064103
RPP (Radio Port Phillip),ongoing,36,1782.0,643.5,1093.125,1.6987179487179487,6.4496097726501525,0.5459659105739866
RSPCA Victoria,off_campaign,73,24613.5,0.0,24692.625,,18.047940861463115,0.3059892810678724
Radian Energy,election_only,77,4411.5,4411.5,0.0,0.0,-10.156595586211361,0.6093617082226398
Rainforest 4 Foundation Ltd,ongoing,78,31361.0,6714.5,23305.583333333332,3.470933551766078,12.621782362362973,0.13477509149781328
Ralph E D Babet,transitional,72,5464.0,3368.5416666666665,1788.2083333333333,0.5308553404663244,2.1884146299233325,0.4472282940795084
Rationalist Society of Australia Inc,election_only,23,2438.5,2104.375,338.25,0.16073656073656073,-11.764999597915008,0.37630459709677766
Real Change SA,election_only,38,9881.0,9881.0,0.0,0.0,-12.567994853036852,0.5166155825755057
Reason Australia,election_only,121,38389.5,32707.458333333336,0.0,0.0,-2.624102410018976,0.8990729842300395
Reason Party NSW,off_campaign,25,13937.5,14687.0,0.0,0.0,-20.97614143703372,0.19532827678211348
Reason Victoria,off_campaign,40,44880.0,0.0,35703.958333333336,,24.89854316206436,0.046142612136111934
Rebecca Connell,ongoing,114,5743.0,2871.0,2896.75,1.0089690003483107,0.4385685183006496,0.4786132011978312
Rebecca M Thistleton,off_campaign,722,43739.0,0.0,41540.625,,23.990247498683516,0.07941089377785386
Rebus Theatre Inc,ongoing,41,2229.5,973.5,1210.625,1.2435798664612223,5.46685089648519,0.612869589061428
Respect Victoria,transitional,52,98874.0,58544.87500000001,44232.333333333336,0.7555287005623179,-3.2413403912102754,0.5863067783050042
Richard C T Stockman,ongoing,21,1039.5,445.5,544.5,1.2222222222222223,2.869047619047619,0.5316391941391941
Richard Riordan MP,ongoing,49,3625.5,788.7083333333334,2770.375,3.512546885730889,13.572890290771767,0.33862011223925575
Rob Molhoek MP,ongoing,22,1089.0,66.0,1018.875,15.4375,14.175448126018466,0.3364601178289391
Robert Molhoek,election_only,25,1237.5,1002.375,226.875,0.22633744855967078,-5.569990412272291,0.7636440740467586
Rodney Wayne Grljusich,ongoing,138,6831.0,2739.0,4046.625,1.4774096385542168,3.3197568389057746,0.6006513243595311
Roma Britnell MP,ongoing,144,9628.0,49.5,9433.625,190.57828282828282,19.95230625829716,0.2315841543285029
Ron Hoenig MP,ongoing,39,4330.5,1993.125,2432.7500000000005,1.220570711821888,0.12285571725795474,0.47148522296092
Rowan Hayward,transitional,22,1289.0,965.25,352.625,0.3653198653198653,-6.883023265267409,0.606460408604011
Rowdy Inc,election_only,27,1836.5,1688.0,123.75,0.07331161137440759,-11.069536162747145,0.4411681529454401
Ryan Donald Bayldon-Lumsden,transitional,48,2576.0,1843.875,847.625,0.4596976476171107,-7.422533903028053,0.37452664370739785
Ryan James Posselt,ongoing,32,2384.0,532.125,1880.75,3.5344139065069298,7.492469712331912,0.6381659059999214
Ryan Smith MP,ongoing,208,12496.0,4811.75,7729.625,1.606406193172962,6.3322801526945796,0.4428505383444535
SA Unions,election_only,30,7785.0,7627.416666666667,53.625,0.007030558620765003,-9.760308117931052,0.623169469332913
SA-BEST,election_only,30,2485.0,2485.0,0.0,0.0,-9.65251509054326,0.62874941959449
SBS Cantonese 廣東話節目,election_only,191,18954.5,19285.833333333332,0.0,0.0,-14.667195881506904,0.4363720926698932
SBS Vietnamese,election_only,20,1290.0,1248.75,0.0,0.0,-6.6653367653367654,0.7436408936408936
SDA Union. South Australia & Northern Territory.,election_only,33,11333.5,11354.291666666666,0.0,0.0,-12.186867667511917,0.5312743204803109
SYDNEY JEWISH MUSEUM,off_campaign,37,1831.5,1732.5,107.25,0.06190476190476191,-16.741191543882127,0.35137732222934015
Sam Duluk MP,election_only,58,3971.0,4012.25,0.0,0.0,-12.434299422304905,0.5222661163373981
Sam Groves,election_only,49,2425.5,0.0,2425.5,,10.785714285714286,0.5851648351648351
Sam Hibbins,ongoing,74,19463.0,1694.0,17827.166666666664,10.5237111373475,13.813327474816713,0.38936249766267617
Sam O'Connor MP,ongoing,25,6237.5,3064.2916666666665,3194.0,1.0423289776049387,3.5649571568385947,0.5223407641832531
Sandy Verschoor,off_campaign,22,1889.0,0.0,1889.0,,21.52367087650306,0.17216650474988224
Sarah Connolly MP,ongoing,30,19185.0,11245.875,9384.416666666668,0.8344763450302148,-6.625952821916684,0.4807729427705716
Sarah Simone Beresford,off_campaign,26,1287.0,1394.25,0.0,0.0,-24.329670329670332,0.06424344885883342
Save Class Actions Australia Limited,election_only,38,36181.0,36181.0,0.0,0.0,-15.802605550663921,0.39220747882061835
Save Our Marine Life (Australia),ongoing,76,8162.0,3609.75,4577.0,1.2679548445183184,0.6753072255255663,0.4870141615186963
Save the Children Australia,ongoing,1036,240382.0,117832.99999999999,117047.50000000001,0.9933337859513042,-2.4215336552599553,0.5052762334066019
School for Life Foundation,ongoing,343,27678.5,1340.0833333333333,25803.624999999996,19.25523910204589,10.996419191240276,0.5209249763911757
Scott C W Lynn,election_only,148,7426.0,6518.5,697.125,0.10694561632277365,-5.100444224463282,0.6190960360557589
Sean S O'Reilly,ongoing,40,1980.0,783.75,1167.375,1.4894736842105263,4.3470250679553,0.44986408939897315
Senator Amanda Stoker,election_only,36,117832.0,114386.75,0.0,0.0,-2.773348499092521,0.893332750034903
Senator Anthony Chisholm,election_only,75,28612.5,23302.416666666664,2294.0,0.09844472497487744,-1.329848765103374,0.8048913364883701
Senator David Van,election_only,34,6683.0,4877.416666666667,0.0,0.0,-2.665523562190172,0.8974798629926856
Senator Greg Mirabella,election_only,24,11188.0,10588.5,0.0,0.0,-5.322268431384453,0.7952973680236748
Senator Jane Hume,election_only,33,4433.5,4055.2916666666665,0.0,0.0,-5.102810995040284,0.8037380386522969
Senator Jess Walsh,transitional,53,6323.5,4471.291666666667,1699.0,0.3799796852140041,-4.065565705101924,0.7313894111992528
Senator Karen Grogan,transitional,37,2031.5,1437.5,602.25,0.41895652173913045,-3.4955089034020284,0.41993874491729627
Senator Louise Pratt,election_only,22,5489.0,4661.708333333333,248.5,0.05330663830319715,-7.023946709660994,0.6707366586487465
Senator Malarndirri McCarthy,election_only,135,8682.5,8682.416666666666,0.0,0.0,-15.950275118157526,0.38652788007086447
Senator Matt O'Sullivan,election_only,66,5967.0,5021.041666666666,449.625,0.08954815152898221,-7.548720883673967,0.6085925636026175
Senator Mehreen Faruqi,transitional,55,3422.5,1894.1666666666665,941.5,0.4970523537175539,3.54304648272851,0.7720980750177294
Senator Michaelia Cash,election_only,27,1436.5,1011.2083333333334,297.0,0.2937080225802464,-3.628003585419899,0.4625385920891861
Senator Rex Patrick,election_only,327,61086.5,59015.00000000001,1749.5,0.029645005507074468,-9.170844094041438,0.6392523602726518
Senator Slade Brockman,transitional,30,3685.0,2321.0416666666665,1105.375,0.47624091194686297,0.8600995764699344,0.7079425183615665
Senator Susan McDonald,ongoing,34,2683.0,1278.375,1171.7083333333333,0.916560737915974,6.56873187015019,0.4853215727505718
Senator the Hon David Fawcett,election_only,20,2990.0,2138.5416666666665,0.0,0.0,-2.923559947115719,0.8875553866493956
Seton Villa,off_campaign,20,3590.0,3723.0,0.0,0.0,-23.18306089559111,0.10981594956212196
Sheena Watt MP,election_only,22,4489.0,4083.0833333333335,447.5,0.10959854684980713,-4.449014501969419,0.7866054614173876
Shoalhaven Independents ,off_campaign,26,3787.0,4900.083333333333,0.0,0.0,-25.564313775032982,0.027234389562411164
Shooters Fishers and Farmers Party,transitional,27,4936.5,2882.4166666666665,1146.5,0.3977565121859551,-2.404597419251896,0.572266322421451
"Shop, Distributive and Allied Employees' Association, South Australian Branch",transitional,28,2886.0,2453.333333333333,798.0,0.32527173913043483,-14.438911508831541,0.20911398423188457
Shouvojit Sarker,off_campaign,21,1039.5,0.0,1006.5,,21.761124121779858,0.1642947216717709
Showcase SA,ongoing,67,9416.5,3697.875,5673.0,1.534124328161444,1.5375450912687294,0.5120455198089356
Simon Behrakis,ongoing,34,2083.0,41.25,2033.5,49.2969696969697,15.608705007487993,0.3971963390266801
Simon Birmingham,election_only,22,4689.0,4689.0,0.0,0.0,-7.342458032477225,0.7175977679816451
Simon James Mcmahon,ongoing,54,8573.0,852.5833333333334,7629.5,8.948685367999218,12.688642025558075,0.44812136333480346
Simon Millman MLA,ongoing,30,1585.0,231.0,1444.8333333333333,6.254689754689754,6.440512893372168,0.5007341489937213
Sir David Martin Foundation,transitional,138,18131.0,12784.791666666668,4474.791666666666,0.35000896247168667,-9.251716610164818,0.5773262611178744
Smart Voting,election_only,57,303371.5,247747.3333333333,0.0,0.0,-1.591809286688781,0.9387765658965854
Socialist Equality Party,ongoing,82,8659.0,2188.7916666666665,6062.166666666666,2.76964078353734,5.356094999065767,0.6874866295085161
Solutions for Australia,election_only,1819,655340.5,538300.7083333334,66805.0,0.12410349636514348,-1.4819676971238371,0.8522830635016339
Sonya Kilkenny MP,ongoing,35,3432.5,643.5,2892.4583333333335,4.494884744884745,4.325189675460111,0.6099963574127816
Sophie Torney,off_campaign,51,22424.5,0.0,22412.791666666668,,23.784843317312685,0.08698507199363298
Sparkways,off_campaign,96,8752.0,9298.416666666668,0.0,0.0,-23.576287309539385,0.09483585127287901
Special Broadcasting Service,transitional,239,20230.5,13882.0,5865.458333333333,0.42252257119531283,0.12713902602896746,0.7931569136650384
Specialized Solar & Electrical,ongoing,141,10179.5,5181.625,4354.833333333334,0.8404377648581929,-2.87346867441679,0.7682422263700253
Spinal Life Australia,election_only,34,15133.0,15199.416666666666,0.0,0.0,-6.383837177335284,0.7544678008717198
St Vincent de Paul Society in Australia,ongoing,383,23758.5,7437.208333333333,11361.125,1.5276061246099288,1.462456461439084,0.9089709043062622
Stacks Goudkamp,election_only,33,1933.5,0.0,1933.5,,6.350493184085115,0.7557502621505725
Stand4Uyghurs,election_only,151,7474.5,7474.5,0.0,0.0,-9.750709555345317,0.6249727094097955
Stanwell Corporation,ongoing,59,8920.5,3796.0833333333335,5107.916666666667,1.3455754835027331,3.084676362683437,0.4576582190084547
Steve Dimopoulos MP,ongoing,232,23384.0,6759.708333333333,16695.5,2.469855084970382,9.090084317246015,0.4061551150364047
Steve Mav,election_only,109,7295.5,6994.625,0.0,0.0,-6.479373192170518,0.7510849677155949
Steven John Martin,ongoing,126,6237.0,2664.75,3630.0,1.3622291021671826,1.1618610747051115,0.5770779024383219
Steven Kelly,ongoing,28,1886.0,797.0,1089.0,1.3663739021329988,5.020337827601877,0.26784548961113114
Stop Adani,election_only,27,1736.5,0.0,1736.5,,13.93227345646004,0.46414332859769075
Stuart Aubrey MLA,ongoing,34,3183.0,974.5416666666667,2270.9166666666665,2.330240711445551,4.172658862109505,0.4482917167566229
SumOfUs Australia,ongoing,43,65328.5,34142.5,31186.0,0.9134070440067364,0.31849859883949166,0.5160784839963911
Summer Foundation,election_only,48,7076.0,6028.083333333333,1039.5,0.17244287155950622,-5.503440422990953,0.6237397154966811
Support Lindfield,off_campaign,21,1739.5,2182.4583333333335,0.0,0.0,-25.20144659937325,0.03821596986796776
Sustainable Australia Party,election_only,29,3535.5,2636.9583333333335,648.625,0.2459746867445131,-1.0574896100931557,0.696536748816912
Sydney Opera House,election_only,130,30685.0,0.0,30685.0,,12.903230987685934,0.5037218850890025
Sydney Sentinel News Satire,election_only,27,1536.5,0.0,1631.4583333333333,,14.029961508291224,0.46083289715009795
TAB,election_only,20,90090.0,90294.58333333333,0.0,0.0,-3.5642642567416565,0.862912913202244
TL Progressive Inc,election_only,24,2188.0,2121.8333333333335,0.0,0.0,-3.5247090902970246,0.8644342657578067
TWU Members First Team,off_campaign,141,57729.5,0.0,48281.33333333333,,25.02975787744056,0.04129217952106717
Tamar Action Group,election_only,21,5039.5,3701.25,598.0,0.16156703816278284,1.2232324574884323,0.8460488891814123
Tania Maxwell MP,ongoing,42,2179.0,288.75,1919.2083333333333,6.646608946608946,13.812652822446935,0.424893424780198
Tasmanian Forest Products Association,transitional,121,39689.5,25260.625,14961.458333333334,0.5922837749791755,-0.9863605487982645,0.655751736893937
Territory Rivers,transitional,29,2735.5,1901.25,850.75,0.4474687705456936,-2.984271179401993,0.5361225801814464
The Australia Institute,ongoing,21,18839.5,10104.083333333332,9814.375,0.9713275985781327,-0.6462479017876757,0.6179731912019594
The Australian Institute of Architects,ongoing,524,29738.0,9873.375,19773.458333333332,2.0027050864910256,4.946951292477235,0.5006199199353611
The Body Shop Australia,election_only,21,33239.5,32981.416666666664,0.0,0.0,-7.704066575730415,0.7036897470872917
The Chamber of Minerals and Energy of Western Australia,ongoing,149,169975.5,4450.666666666666,166797.33333333334,37.476932294787304,12.837147733112209,0.4589672235203132
The Chaser,transitional,102,59349.0,36277.54166666667,24095.458333333332,0.6641976613170911,1.285922022064419,0.3754601013940868
The Clean Energy Council,election_only,190,62205.0,62205.0,0.0,0.0,-12.437660041108316,0.5216284599573724
The Climate Council,ongoing,526,64337.0,18369.75,46826.541666666664,2.5491115375368016,4.753938769340975,0.6807555397250236
The Ethics Centre,ongoing,180,20410.0,2270.625,18029.208333333332,7.940196348288834,6.342828876146063,0.6813179820942611
"The Hon. Michael O'Brien MP, Member for Malvern",off_campaign,56,10572.0,0.0,10721.833333333334,,23.02120728286962,0.11661400575765346
The Locals (Group F),off_campaign,24,1188.0,1559.25,0.0,0.0,-25.555555555555557,0.027559741845456096
The McKell Institute,transitional,21,1139.5,727.0,396.0,0.5447042640990372,-1.3895973794682617,0.5861770131026587
The National Party - Victoria,ongoing,77,40911.5,9776.208333333334,28289.999999999996,2.8937599358988013,16.004770666647065,0.32152676223861404
The Nature Conservancy Australia,ongoing,25,1537.5,495.0,1092.0,2.206060606060606,3.2334931136916008,0.5856620931053823
The Pharmacy Guild of Australia,election_only,1017,335291.5,337253.8333333333,0.0,0.0,-9.644061901657935,0.6290745422439254
The Seabin Project,election_only,22,2689.0,2689.0,0.0,0.0,-15.461775487435586,0.4053163274063237
The University of Melbourne,ongoing,247,24526.5,12057.625,12775.958333333334,1.0595750268675077,1.0552921087563347,0.362282574188998
The University of Queensland,transitional,116,15442.0,10295.333333333332,5486.75,0.5329356342679532,-4.249174961058163,0.5450187086193107
The University of Sydney,transitional,56,2972.0,2079.0,752.9166666666666,0.36215327881994547,-1.4019089376621086,0.9245053198868343
The Vocal Minority,off_campaign,28,2086.0,0.0,2086.0,,21.404602109300097,0.1767460727192271
The Wilderness Society,ongoing,1491,143704.5,59835.583333333336,86131.625,1.439471635467747,3.69123059317261,0.539363484415498
Thomas A Antonio,ongoing,38,2181.0,841.5,1343.625,1.5967023172905526,9.585067869605368,0.3323300462480144
Thrive By Five,transitional,1100,612050.0,380070.9583333334,277362.7083333334,0.729765593113479,-3.991385596605908,0.6499697662362804
Tim James MP,ongoing,28,1686.0,70.125,1624.125,23.16042780748663,12.904129513691267,0.4991657302414274
Tim Pallas MP,election_only,21,5039.5,0.0,5039.5,,13.38984167930492,0.4850060892575031
Tim Read MP,ongoing,59,32720.5,8825.625,22527.875,2.552552935344522,8.903949357822132,0.48285964066498943
Tim Richardson,ongoing,64,34968.0,15259.416666666666,17634.75,1.1556634427921557,3.1418007245458917,0.5469420187898641
Timothy J Quilty,off_campaign,25,7937.5,0.0,7296.25,,22.799796862380383,0.12501633196339385
Tindo Solar,ongoing,42,107529.0,32817.125,75569.54166666667,2.302747168335638,5.858689513294552,0.35915149000187907
Tom Smith MP,election_only,23,1238.5,0.0,1238.5,,11.140579041467213,0.5715161907127996
Townsville City Council,transitional,100,11550.0,6833.625,5231.375,0.7655343979220399,-3.8272916543326816,0.46295265723363527
Transport Matters Party,off_campaign,44,13978.0,0.0,12688.083333333334,,24.262782663522856,0.0694825954699064
True Crime News Weekly,ongoing,77,3811.5,1794.375,1975.875,1.1011494252873564,1.59862457017818,0.5358525500757448
UN Women Australia,ongoing,516,57442.0,8651.708333333332,50629.833333333336,5.852004180291948,10.255638875788346,0.3507985235321667
UNFPA,off_campaign,23,1338.5,1784.6666666666667,0.0,0.0,-25.526785714285708,0.028502747252747214
UNICEF,election_only,61,7519.5,7519.5,0.0,0.0,-6.637585135789804,0.7447082640080844
UNICEF Australia,ongoing,32,17084.0,8119.0,8998.0,1.1082645646015519,-1.4274801993006119,0.492192791434773
UNICEF with Facebook Ad Credits,ongoing,21,134139.5,11196.0,122943.5,10.981020007145409,2.9942695583968293,0.8449375156394714
Unharm,ongoing,39,9930.5,3352.25,6684.791666666667,1.9941208640962538,3.9962573159066146,0.6519556748105995
UniSuper,ongoing,150,165225.0,70882.20833333333,96441.62499999999,1.360590016418083,1.7683886008895493,0.5651548307660257
Unions NSW,off_campaign,34,11083.0,0.0,11083.0,,17.416049032623967,0.3301519602836936
United Firefighters Union - Aviation Branch,election_only,21,2739.5,1913.2916666666665,399.0,0.2085411267666979,2.268631665658425,0.8113549483222428
United Firefighters Union - Victorian Branch,off_campaign,43,32128.5,0.0,32128.5,,20.009565383649143,0.23040133139811
United Workers Union,ongoing,510,179695.0,82942.625,98797.33333333334,1.1911527195254954,1.731954896440371,0.5391058634024374
VACCA - Victorian Aboriginal Child Care Agency,election_only,73,31813.5,0.0,33245.16666666667,,8.68221803813945,0.6660685369946365
Verve Super,off_campaign,40,14780.0,15346.0,0.0,0.0,-20.562682690696505,0.21064747516265825
Very Special Kids,election_only,89,18305.5,15563.875,3847.5,0.24720707407377662,-11.873889297236431,0.43792476528114777
Vicki Ward MP,ongoing,35,6032.5,223.58333333333334,4806.958333333334,21.499627282892288,21.27010960430986,0.1581786182806616
Victor Chang Cardiac Research Institute,election_only,33,4733.5,0.0,5505.0,,2.5060821331257297,0.9036122256490102
Victorian Auditor-General's Office,election_only,24,2188.0,1997.5833333333335,0.0,0.0,-1.8907697992216783,0.9272780846453199
Victorian Chamber of Commerce and Industry,off_campaign,43,6828.5,0.0,6932.625,,22.0045437334343,0.15433159545238306
Victorian Electoral Commission,election_only,192,288704.0,0.0,298249.74999999994,,15.367397366197451,0.40995489920656675
Victorian Forest Alliance,off_campaign,110,37845.0,0.0,37328.25,,24.04021322418582,0.07728331656422313
Victorian Trades Hall Council,ongoing,187,51506.5,21618.250000000004,28584.458333333332,1.322237384308782,9.125296313576326,0.3567143745026745
Voice of Caulfield,off_campaign,43,6128.5,0.0,5738.416666666667,,23.433337759088182,0.10059287294950443
Vote Angus Out,election_only,41,14829.5,14659.291666666666,0.0,0.0,-11.36302670052027,0.5629605115184512
WAMN News,ongoing,89,4805.5,1980.0,2825.5,1.427020202020202,2.8853657267714072,0.530886512821275
WOMENS INFORMATION AND REFERRAL EXCHANGE INCORPORATED,ongoing,34,5183.0,806.25,4489.125,5.567906976744186,7.422036075955771,0.6315562019832255
WWF-Australia,ongoing,181,165659.5,30137.666666666664,138020.66666666666,4.579673277072987,12.931824598415607,0.3027931605537037
Wayne R Farnham,ongoing,59,3720.5,152.625,3613.5833333333335,23.676221676221676,17.918910802989615,0.29566182746879516
Wayside Chapel,off_campaign,238,88081.0,95013.70833333334,0.0,0.0,-21.808320390860892,0.1634505564574427
Wesa Chau for Prahran,off_campaign,314,20543.0,0.0,21602.833333333332,,24.516467196212137,0.0594672325830276
Western Australia Party,election_only,20,23640.0,22816.75,299.0,0.013104407945916925,-9.15452667553508,0.6312011588122032
Western Rivers Alliance,ongoing,32,3084.0,1191.0,1988.625,1.6697103274559193,-0.9095524517154425,0.7240797885921132
What Can I Do? Australia Inc,transitional,21,1039.5,742.5,317.625,0.42777777777777776,-6.827126181211785,0.47881301577799634
Whitehorse City Council,ongoing,74,3963.0,1407.625,2480.7083333333335,1.7623360861972,6.7196191292633625,0.5242111510435556
Whitsunday Regional Council,ongoing,28,2386.0,739.5833333333334,1733.7083333333333,2.344169014084507,5.511509868523969,0.26300334211518694
Will Fowles MP,ongoing,72,16564.0,4044.5833333333335,12619.083333333332,3.1199958792623876,2.250107876560638,0.8320199009448077
William Anicha Bay,election_only,21,1139.5,1156.0,0.0,0.0,-4.292789174493326,0.834892724057949
Wilson Tucker MLC,ongoing,31,2434.5,1345.625,1138.4583333333335,0.8460442793002014,-2.2312772269161276,0.5904015639498211
Women NSW,off_campaign,38,3081.0,0.0,3081.0,,18.76964807344554,0.2780904587136331
Women's Forum Australia,transitional,49,12725.5,9526.708333333334,3211.4166666666665,0.3370961463604515,-11.873783939757155,0.19966745225074062
WorkForClimate,election_only,24,6188.0,6188.0,0.0,0.0,-15.796703296703297,0.39243448858833474
WorkSafe Victoria,ongoing,64,47718.0,11167.333333333332,28574.0,2.558712912661931,3.9517127424008596,0.8233077103732341
World Animal Protection Australia,ongoing,408,150546.0,68668.25,84799.58333333333,1.2349169133236004,0.28371006550310174,0.5236895909878956
World Transformation Movement,transitional,254,72823.0,44554.04166666667,29369.0,0.6591770106902011,-3.961900209766093,0.43874913770182095
YLab Global,election_only,25,4037.5,4083.2916666666665,0.0,0.0,-4.156055528263409,0.8401517104514074
You Belong Australia,election_only,84,5558.0,5322.125,66.0,0.012401061606031426,-3.6155268696041225,0.8595531483943503
Your Health Your Choice,election_only,22,1989.0,1989.0,0.0,0.0,-12.536809595633123,0.5178150155525721
Your Toolkit,ongoing,46,8877.0,3994.0833333333335,4970.458333333334,1.2444553401906988,5.441457514825273,0.561186729830321
Youth Affairs Council Victoria,ongoing,26,1487.0,623.4583333333334,776.5,1.2454721646728597,1.2185396674220745,0.6408628723578573
Zed Seselja,election_only,151,56374.5,55214.041666666664,0.0,0.0,-7.955638872487469,0.6940138895197125
Zero Co,off_campaign,69,31715.5,36743.16666666667,0.0,0.0,-17.23032724581765,0.34293381605580237
caz4cowper,election_only,39,27430.5,25735.708333333332,0.0,0.0,-2.616088818597655,0.8993811992847056
indigo foundation,ongoing,21,1539.5,537.3333333333334,1014.625,1.8882599255583126,4.843531022632696,0.6369765896036469
new Democracy,election_only,27,9036.5,9261.583333333332,53.625,0.005790046698278733,-7.753549463083605,0.7023501535925217
polipedia.com.au,off_campaign,81,5309.5,0.0,4894.333333333333,,25.022186736848248,0.04124850410095252
