hashtag,count_total,election_only,transitional,ongoing,off_campaign,null
auspol,1035,544,57,156,90,188
gas,925,0,0,925,0,0
fodi22,751,751,0,0,0,0
breakfreefromplastic,734,0,0,733,0,1
topstory,320,0,0,320,0,0
morrisonmustgo,320,312,4,0,0,4
sbscantonese,289,140,149,0,0,0
federalelection,286,208,32,14,0,32
recoverrebuild,253,2,16,231,0,4
ausvotes,239,176,2,23,2,36
rebuildwithtafe,185,184,1,0,0,0
climateaction,185,128,2,17,8,30
votethemout,184,183,0,0,0,1
changetomorrow,174,0,0,0,174,0
realsolutions4allvictorians,163,3,0,157,0,3
rememberthisnovember,152,20,0,122,0,10
westernaustralia,149,0,0,143,0,6
australia,145,56,14,27,0,48
springst,142,3,0,24,95,20
podcast,141,10,0,118,0,13
vicvotes,140,0,3,6,105,26
referendum2023,140,23,0,0,117,0
yfs2022,138,0,138,0,0,0
ulurustatement,132,23,0,0,107,2
fodi,128,128,0,0,0,0
ausvotes2022,119,66,9,9,0,35
architectural,113,0,0,113,0,0
architect,113,0,0,113,0,0
whalesnotwoodside,113,0,0,113,0,0
architecture,109,0,0,109,0,0
endwildlifetrade,109,0,0,109,0,0
vicpol,108,0,5,6,75,22
australianarchitecture,106,0,0,104,0,2
climatechange,103,41,5,19,0,38
springstreet,101,0,0,0,94,7
architects,95,0,0,95,0,0
australianarchitects,94,0,0,94,0,0
community,91,0,8,34,12,37
breaking,91,5,36,39,4,7
election2022,90,45,7,10,3,25
architectureanddesign,88,0,0,88,0,0
unimelbpursuit,88,0,0,88,0,0
fromtheheart,87,8,0,0,79,0
voicetoparliament,86,7,0,0,79,0
architecturedesign,86,0,0,86,0,0
recognition,86,7,0,0,79,0
contemporaryarchitecture,85,0,0,85,0,0
switchtosustainable,85,0,0,0,0,85
offsetcarbonemmisions,85,0,0,0,0,85
doyourbit,85,0,0,0,0,85
benambra,84,0,0,67,12,5
supercruel,84,0,0,84,0,0
notmysuper,84,0,0,84,0,0
bennelong,83,81,2,0,0,0
billtilley,83,0,0,83,0,0
sociallydemocratic,82,0,0,82,0,0
education,81,0,2,58,7,14
makingcaulfieldbettertogether,81,0,0,81,0,0
constructionindustry,80,80,0,0,0,0
election,80,1,3,33,14,29
buildingindustry,80,80,0,0,0,0
economicrecovery,79,78,0,1,0,0
federalelections2022,78,78,0,0,0,0
strongbuilding,78,78,0,0,0,0
strongbuildingstrongereconomy,78,78,0,0,0,0
design,78,1,0,77,0,0
worldrefugeeday,78,0,78,0,0,0
veryspecialkids,77,77,0,0,0,0
vote,76,1,5,15,39,16
climateactionnow,74,36,6,13,0,19
supportlocal,74,0,1,46,10,17
dunnstreet,73,0,0,73,0,0
fighting4melbsnorth,73,0,73,0,0,0
scomohastogo,72,72,0,0,0,0
victoria,71,0,1,56,3,11
fundthearts,69,69,0,0,0,0
netsoutnow,69,0,61,0,0,8
labor,68,22,4,28,2,12
futureenergy,66,0,66,0,0,0
politics,65,1,0,41,0,23
youngpeoplematter,65,0,62,1,0,2
wildlife,63,0,0,61,0,2
getthemout,62,62,0,0,0,0
moderndesign,61,0,0,61,0,0
qld,59,1,54,4,0,0
notentertainers,58,0,0,58,0,0
settlementguide,58,3,0,0,0,55
independent,58,5,0,0,22,31
battinforberwick,57,0,0,57,0,0
architecturetoday,56,0,0,56,0,0
indigenousvoice,55,18,0,2,35,0
aboriginalaustralia,54,18,0,0,35,1
preventthenextpandemic,54,0,54,0,0,0
australiandesign,53,0,0,53,0,0
building,53,0,0,53,0,0
csenergytomorrow,52,0,52,0,0,0
adelaide,52,1,0,1,29,21
campaign,51,0,0,50,1,0
timeforavoice,51,16,0,0,35,0
icymi,51,2,0,45,0,4
disability,51,29,0,1,5,16
qldenergy,51,0,51,0,0,0
architecturephotos,49,0,0,49,0,0
digitalskills,48,0,0,47,0,1
buildings,48,0,0,48,0,0
painmanagement,48,48,0,0,0,0
wollongongindependents,48,0,0,0,48,0
dayofai,48,0,0,47,0,1
migraineaustralia,48,48,0,0,0,0
wollongong,48,0,0,0,48,0
mentalhealth,48,2,0,35,2,9
chronicpainaustralia,48,48,0,0,0,0
specsolar,48,0,0,48,0,0
dayofaiaus,48,0,0,47,0,1
painaustralia,48,48,0,0,0,0
techskills,47,0,0,47,0,0
ndis,47,36,0,4,1,6
greenpeaceap,47,0,0,47,0,0
woodside,47,0,0,47,0,0
easethepain,46,46,0,0,0,0
beconsumed,46,46,0,0,0,0
auspol2022,45,26,1,3,0,15
vfc,44,0,0,0,44,0
savethekoala,44,0,0,44,0,0
koalalove,44,0,0,44,0,0
clarinda,44,0,0,0,44,0
halfcut,44,0,0,44,0,0
lethobartbloom,43,43,0,0,0,0
vfcaroline,43,0,0,0,43,0
environment,43,13,7,10,5,8
putclimatefirst,42,0,0,42,0,0
wehaveaplan,42,0,0,42,0,0
votecaroline,42,0,0,0,42,0
costoflivingcrisis,41,26,0,15,0,0
cassowary,41,0,0,41,0,0
voteindependent,40,2,0,0,29,9
wakelingforbayswater,40,0,0,40,0,0
lions,40,1,0,39,0,0
democracy,40,3,1,17,0,19
architecturedetails,40,0,0,40,0,0
budget2022,40,18,1,14,0,7
pepsico,40,0,0,40,0,0
nomorescomo,39,39,0,0,0,0
ourplanfornarracan,39,0,0,39,0,0
climate,38,15,0,13,0,10
putlaborlast,38,13,0,9,0,16
politas,38,0,1,22,7,8
toxicgas,38,0,0,38,0,0
walkaway,38,0,0,38,0,0
markswivelteam,37,0,0,0,35,2
votebradbery,37,0,0,0,37,0
hobart,37,0,0,20,7,10
banliveexport,37,0,0,18,0,19
rebuild,37,36,0,1,0,0
recover,37,36,0,1,0,0
cocacola,37,0,0,37,0,0
unilever,37,0,0,37,0,0
nestl,37,0,0,37,0,0
renewableenergy,36,2,3,24,0,7
sustainability,36,2,1,12,10,11
bantrophyhunting,36,0,0,36,0,0
abcfriends,36,36,0,0,0,0
cancelcaptivity,36,0,0,36,0,0
endliveexport,36,0,0,18,0,18
abcalumni,36,36,0,0,0,0
super,35,0,0,35,0,0
leadingwomenfund,35,0,35,0,0,0
tasmania,34,0,3,25,0,6
victorianelection,34,0,0,0,28,6
architecturelovers,34,0,0,34,0,0
southaustralia,34,9,2,2,0,21
queensland,34,1,1,25,0,7
politicalart,34,0,0,34,0,0
vote1swiv,34,0,0,0,32,2
doingwhatmatters,34,0,0,13,13,8
scottyfrommarketing,34,30,0,3,0,1
costofliving,34,17,4,8,3,2
interiorarchitecture,33,0,0,33,0,0
raisetheage,33,30,0,2,0,1
endviolence,33,0,0,0,33,0
solarsystem,33,0,0,33,0,0
medicare,32,25,0,7,0,0
fionasimpsonmp,32,0,0,32,0,0
alp,32,2,0,30,0,0
communityfirst,32,0,0,8,19,5
qldbudget,32,2,0,20,0,10
independentsday,32,29,0,0,0,3
teampalmerston,32,0,0,32,0,0
warisdumb,32,0,0,32,0,0
earlyvoting,32,0,0,0,23,9
breakthebias,31,1,3,21,3,3
fairjustsafecommunities,31,0,0,31,0,0
animalwelfare,31,0,6,0,0,25
uaplast,31,31,0,0,0,0
liberalslast,31,31,0,0,0,0
ukraine,30,5,2,19,2,2
athertontablelands,30,0,0,30,0,0
betterworldforall,30,0,0,0,30,0
naidocweek,30,0,2,18,10,0
wildlifeconservation,30,0,0,30,0,0
wematterinthewest,30,0,0,0,30,0
rainforestconservation,30,0,0,30,0,0
archdaily,30,0,0,30,0,0
organise,30,0,0,30,0,0
jeromelaxale,30,30,0,0,0,0
vote1,30,2,0,0,4,24
therealindependents,30,0,0,0,30,0
treekangaroo,30,0,0,30,0,0
union,30,0,2,23,0,5
banbatterycages,30,0,0,30,0,0
jane4adl,29,0,0,0,29,0
enough,29,29,0,0,0,0
letsgetcreative,29,0,0,29,0,0
michael4mp,29,0,0,0,29,0
lestweforget,29,1,1,25,0,2
sbs,29,15,14,0,0,0
australianpolitics,29,0,0,20,0,9
electionyear,28,28,0,0,0,0
deliveringforcanberra,28,28,0,0,0,0
victorianparliament,28,0,0,28,0,0
archilovers,28,0,0,28,0,0
parentpower,28,28,0,0,0,0
climatecrisis,28,2,9,10,0,7
eofy,28,0,4,24,0,0
scomohasgottogo,27,27,0,0,0,0
nswpol,27,0,12,4,0,11
youthdevelopmentaustralia,27,0,27,0,0,0
redefininggrowth,27,27,0,0,0,0
melbourne,27,0,0,14,0,13
climatejustice,27,3,8,13,0,3
nyca,27,0,27,0,0,0
parenting,27,20,0,1,3,3
equality,27,16,0,3,2,6
smallbusiness,27,0,1,13,7,6
bringitonbennelong,27,27,0,0,0,0
ourdemocracy,26,26,0,0,0,0
australianfarmers,26,26,0,0,0,0
teamclover,26,0,0,0,26,0
thatsnotmyjob,26,26,0,0,0,0
councilelections,26,0,0,0,11,15
sda,26,22,0,2,0,2
auspolitics,26,11,2,9,0,4
workingforwilloughby,26,0,0,26,0,0
socialmedia,26,25,0,0,0,1
timetothrive,26,26,0,0,0,0
votesmart,26,0,0,0,26,0
australianagriculture,26,26,0,0,0,0
ausunions,26,1,1,16,0,8
indigenous,25,0,0,2,17,6
summerfoundation,25,25,0,0,0,0
voteforchange,25,0,0,1,17,7
architecturephotography,25,0,0,25,0,0
change,25,0,2,1,20,2
nomorescottmorrison,25,25,0,0,0,0
facebook,25,25,0,0,0,0
chaneyforcurtin,24,24,0,0,0,0
parliament,24,0,0,21,0,3
uap,24,0,22,0,0,2
pwd,24,24,0,0,0,0
lovelivo,24,0,0,0,24,0
solarpv,24,0,0,24,0,0
womenshealthweek,24,0,24,0,0,0
ypirac,24,24,0,0,0,0
willoughby,24,0,0,24,0,0
bantheflutes,24,24,0,0,0,0
australian,24,0,0,18,0,6
architecturehunter,24,0,0,24,0,0
liberal,24,9,3,1,0,11
naidoc,23,0,2,11,10,0
rac,23,23,0,0,0,0
dontdivideus,23,6,0,0,0,17
iwd2022,23,1,1,20,1,0
johnforthenationals,23,15,0,0,8,0
abortion,23,0,23,0,0,0
twu,22,0,0,3,19,0
bringbackned,22,0,0,0,22,0
newmoonforrichmond,22,22,0,0,0,0
palaszczukgovernment,22,0,0,20,0,2
alliedhealth,22,0,10,0,0,12
affordablehousing,22,0,0,19,1,2
politicians,22,0,0,20,2,0
nsw,22,1,10,9,0,2
palmerstonnt,22,0,0,22,0,0
covid19,22,5,1,8,0,8
betterworldforall2021,22,0,0,0,22,0
children,22,0,0,19,1,2
government,22,0,3,7,0,12
onkaparinga,22,0,0,13,3,6
perth,22,3,0,9,0,10
acceleratezero,22,22,0,0,0,0
agedcare,21,2,1,1,0,17
vote1columnh,21,21,0,0,0,0
tasmanian,21,0,2,19,0,0
sustainable,21,3,3,13,0,2
ourpeninsula,21,0,0,0,21,0
council,21,0,0,1,10,10
youth,21,0,0,16,0,5
health,21,0,0,13,0,8
shoplocal,21,1,0,11,0,9
healthcare,21,3,7,1,1,9
teamup4tamar,21,21,0,0,0,0
northernvictoria,21,0,0,21,0,0
abcnews,21,0,0,15,0,6
animalcruelty,21,0,1,0,0,20
bec4senate,21,21,0,0,0,0
palmerston,20,0,0,20,0,0
mornpentogether,20,0,0,0,20,0
local,20,0,0,4,10,6
strongertogether,20,1,0,7,2,10
defendourndis,20,20,0,0,0,0
territorytogether,20,0,0,20,0,0
stopliveexports,20,0,0,0,0,20
unitedaustraliaparty,20,0,20,0,0,0
localcouncil,20,0,0,17,1,2
democracylost,20,0,0,20,0,0
justiceformatthewandkate,20,0,0,20,0,0
ourwhitsunday,20,0,0,20,0,0
jacquihawkins,20,0,0,0,20,0
16days,20,0,0,0,19,1
hometobilo,20,7,0,0,0,13
lordmayor,20,0,0,0,20,0
election22,20,0,1,1,0,18
roughit4rockingham,20,0,1,0,0,19
communityservice,20,0,0,18,0,2
housingandsupport,20,20,0,0,0,0
architexture,20,0,0,20,0,0
miseryincaptivity,20,0,0,20,0,0
voteforlocal,19,19,0,0,0,0
discovertasmania,19,0,0,19,0,0
cowpervotes,19,15,0,0,0,4
localgovernment,19,0,0,2,5,12
adelaidecitycouncil,19,0,0,0,17,2
jacqui4benambra,19,0,0,0,19,0
publicservice,19,0,3,16,0,0
ramadan,19,0,0,0,18,1
changeincowper,19,15,0,0,0,4
womenandchildren,19,0,0,1,18,0
voting,19,0,0,9,1,9
proudlylocal,19,0,0,19,0,0
tassiestyle,19,0,0,19,0,0
tassie,19,0,0,19,0,0
councilelection,19,0,0,0,2,17
keepcalm,19,0,0,0,0,19
sydney,19,0,2,13,0,4
construction,19,4,1,14,0,0
supportsmallbusiness,19,1,0,6,8,4
downto10days,19,19,0,0,0,0
instaarchitecture,19,0,0,19,0,0
climateemergency,18,4,1,8,0,5
solar,18,1,0,16,0,1
vicparliament,18,0,0,18,0,0
news,18,1,0,10,0,7
memfirst,18,0,0,0,18,0
changeagedcare,18,0,0,18,0,0
danandrews,18,7,0,9,0,2
grassroots,18,1,0,2,1,14
insiders,18,0,0,18,0,0
myvicparliament,18,0,0,18,0,0
csenergy,18,0,18,0,0,0
northryde,18,18,0,0,0,0
alboforpm,18,0,0,15,0,3
omicron,18,11,0,0,0,7
annualappeal,18,0,0,18,0,0
humanrights,18,1,0,0,5,12
solarpower,18,0,0,16,0,2
worldpharmacistsday,18,0,0,0,0,18
scottmorrison,18,16,0,0,0,2
zakattoday,18,0,0,0,18,0
buildchilled,18,0,0,0,0,18
realtalk,18,0,0,0,18,0
speakupscomo,17,0,17,0,0,0
yourtoolkit,17,0,0,17,0,0
solarenergy,17,0,4,13,0,0
breakfreetofly,17,0,0,0,0,17
savotes,17,13,1,1,0,2
federalbudget,17,5,0,12,0,0
qldpol,17,2,0,10,0,5
covid,17,5,0,4,0,8
marchforjustice,17,0,17,0,0,0
northepping,17,16,0,0,0,1
police,17,0,0,17,0,0
alburywodonga,17,0,0,17,0,0
prepoll,17,13,0,0,4,0
arabnews,17,17,0,0,0,0
australiavotes,17,10,0,0,0,7
saparli,17,3,0,1,0,13
freedom,17,3,12,0,0,2
speakupalbo,17,0,17,0,0,0
socialdemocracy,17,0,0,17,0,0
livingarchitectureaustralia,17,0,0,17,0,0
australiannews,17,17,0,0,0,0
stopliveanimalexports,17,0,0,0,0,17
downto10,17,17,0,0,0,0
animals,17,0,0,0,0,17
worthy,17,17,0,0,0,0
mornington,16,0,0,0,8,8
careconnectchange,16,0,0,0,0,16
theregionsmatter,16,0,0,16,0,0
standwithukraine,16,16,0,0,0,0
politica,16,0,0,16,0,0
leadership,16,1,1,8,3,3
infrastructure,16,5,0,3,1,7
housing,16,0,4,3,1,8
sponsored,16,0,0,15,0,1
communitymanager,16,0,0,16,0,0
redtape,16,14,0,0,0,2
tasmaniangram,16,0,0,16,0,0
rockhampton,16,0,0,16,0,0
changethestory,16,0,0,16,0,0
votehimout,16,0,0,16,0,0
2022,16,3,2,0,11,0
communityovercompetition,16,0,0,16,0,0
hughesdeservesbetter,16,0,0,0,0,16
damienforthenationals,16,11,0,0,5,0
politicalnews,16,0,0,16,0,0
democracynow,16,0,0,16,0,0
democracyday,16,0,0,16,0,0
democracyinaction,16,0,0,16,0,0
register,16,0,0,16,0,0
politicalrevolution,16,0,0,16,0,0
aussieaussieaussie,16,0,0,16,0,0
danmustgo,16,0,0,0,5,11
sustainablehousing,16,0,0,16,0,0
entitled,16,16,0,0,0,0
girlboss,16,16,0,0,0,0
startsmall,16,0,0,0,16,0
votelocal,15,0,0,0,15,0
religiousdiscriminationbill,15,5,1,0,0,9
helpherheal,15,0,0,0,0,15
moira4mayor,15,0,0,0,13,2
saveoursuburb,15,0,0,15,0,0
livelocal,15,0,0,0,15,0
qldjobs,15,0,4,7,0,4
dadvsadani,15,15,0,0,0,0
elections,15,0,0,5,3,7
organising,15,0,0,15,0,0
countryliberal,15,0,0,0,15,0
regionalvictoria,15,0,0,14,0,1
ourcommunity,15,0,4,2,5,4
inclusion,15,0,0,4,5,6
eradicatefistulaforever,15,0,0,0,0,15
fightforbetter,15,0,0,0,0,15
integrity,15,2,0,4,0,9
waternight,15,0,0,0,0,15
samsplan,15,15,0,0,0,0
arabicnews,15,15,0,0,0,0
stopthewaiting,15,15,0,0,0,0
givefreedomthischristmas,14,0,0,0,0,14
abovetheline,14,0,0,14,0,0
krgcouncil,14,0,0,0,14,0
teachershortage,14,0,0,0,0,14
vote1jayamalagupte,14,0,0,0,9,5
cruelkoalacuddles,14,0,0,14,0,0
nurse,14,0,10,4,0,0
deliveringfordavenport,14,0,0,0,0,14
texas,14,0,0,14,0,0
caringforthecarers,14,14,0,0,0,0
canberra,14,0,2,7,0,5
elections2022,14,1,3,0,0,10
votereason,14,0,0,0,14,0
dulukdelivers,14,14,0,0,0,0
narracan,14,0,0,14,0,0
stoprethinkhumelink,14,0,0,0,0,14
getmalvernmoving,14,0,0,0,14,0
vicelection,14,0,0,0,5,9
cityofparramatta,14,0,0,11,0,3
naidoc2022,14,0,2,12,0,0
daintreebuyback,14,0,0,14,0,0
caz4cowper,14,13,0,0,0,1
seenandbelieved,14,0,0,1,0,13
thisislabor,14,0,0,7,0,7
localgovernmentelections,14,0,0,0,0,14
restoreourrebates,14,14,0,0,0,0
lifeineverydrop,14,0,0,0,0,14
savethedaintree,14,0,0,14,0,0
thinblueline,14,0,0,14,0,0
axethecap,14,0,0,0,0,14
delivering,14,9,0,0,0,5
youthweek,14,0,0,14,0,0
summer,14,13,0,1,0,0
architecturepodcast,14,0,0,14,0,0
designpodcast,14,0,0,14,0,0
hearingarchitecture,14,0,0,14,0,0
bureaucracy,14,14,0,0,0,0
betterndisforms,14,0,0,0,0,14
protectmedicare,13,13,0,0,0,0
saveearthsskin,13,0,0,0,0,13
howtovote,13,2,0,0,2,9
brisbane,13,1,2,0,0,10
ward5,13,0,0,1,0,12
bayside,13,0,0,0,0,13
delivering4mackay,13,0,0,13,0,0
votenorepublic,13,0,0,0,0,13
queenslandersdeservebetter,13,0,0,13,0,0
vote1carolynpower,13,13,0,0,0,0
sackdanandrews,13,0,0,0,0,13
solarvic,13,0,0,13,0,0
lgtas,13,0,0,0,7,6
northernterritory,13,0,6,5,0,2
homelessness,13,0,0,9,1,3
alwayswasalwayswillbe,13,2,0,3,2,6
candidate,13,0,0,0,5,8
viclabor,13,0,0,12,0,1
beyondneutral,13,0,0,0,0,13
wentworthvotes,13,13,0,0,0,0
vote1dyson4wannon,13,13,0,0,0,0
janelomaxsmith,13,0,0,0,13,0
ivaluenature,13,0,0,13,0,0
volunteer,13,0,1,5,5,2
follow,13,13,0,0,0,0
accountability,12,0,0,2,5,5
budget22,12,5,1,2,0,4
integritymatters,12,0,0,11,0,1
communityindependents,12,0,0,0,12,0
curtinvotes,12,12,0,0,0,0
plantmoretrees,12,12,0,0,0,0
firstnationsaustralia,12,0,0,0,0,12
fairaccessforall,12,0,0,0,0,12
abcaustralia,12,0,0,0,0,12
paulsedrak,12,0,0,0,0,12
hobartcity,12,0,0,2,7,3
connectedleadership,12,0,0,0,12,0
communityindependent,12,0,0,0,12,0
vote1groupd,12,0,0,0,9,3
australiavotes2022,12,8,0,0,0,4
qfccyac,12,0,0,12,0,0
22chapterarchitectureawards,12,0,0,12,0,0
kate4state,12,0,0,0,12,0
womenshealth,12,0,7,1,0,4
councilcandidate,12,0,0,0,1,11
thinkgreat,12,0,0,12,0,0
warragul,12,0,0,12,0,0
budget,12,1,2,6,0,3
victorharbor,12,0,0,0,0,12
locals4locals,12,0,0,0,0,12
cleantransitions,12,0,0,12,0,0
fossilfools,12,12,0,0,0,0
stoptheteal,12,12,0,0,0,0
art,11,0,0,4,0,7
notonourscreens,11,0,11,0,0,0
greens,11,0,3,0,0,8
teslapowerwall,11,0,0,11,0,0
strongeconomystrongerfuture,11,11,0,0,0,0
woollahraliberals,11,0,0,0,0,11
challengeinjustice,11,11,0,0,0,0
hardworking,11,0,0,0,11,0
brightondeservesbetter,11,0,0,0,11,0
endgreyhoundracing,11,0,0,0,0,11
voteyes,11,0,0,2,7,2
communitymatters,11,0,0,0,7,4
northernaustralia,11,0,0,11,0,0
vote1bradbery,11,0,0,0,11,0
school,11,0,5,1,2,3
youthvoice,11,0,0,11,0,0
listening,11,10,0,1,0,0
felicity4brighton,11,0,0,0,11,0
conservation,11,0,2,5,1,3
paradise,11,0,0,0,11,0
gp,11,0,10,0,0,1
aboriginalandtorresstraitislander,11,0,0,0,0,11
ruralvictoria,11,0,0,10,0,1
ipcc,11,10,0,1,0,0
youthleadership,11,0,0,11,0,0
woollahraliberalsworkingforyou,11,0,0,0,0,11
melbournelockdown,11,0,0,0,0,11
campbelltown,11,0,0,0,11,0
cop27,11,0,0,8,0,3
youthengagement,11,0,0,11,0,0
globalwarming,11,0,0,8,0,3
caringforcomenarra,11,0,0,0,8,3
backaustralianbusiness,11,0,0,0,0,11
hobartneedschange,11,0,0,0,7,4
nswparliament,11,0,11,0,0,0
archilove,11,0,0,11,0,0
saveosher,11,11,0,0,0,0
laborchangeyourpolicy,11,0,0,0,0,11
sustainabletimber,11,0,0,0,0,11
mixedspeciestimber,11,0,0,0,0,11
outoftouch,10,10,0,0,0,0
hereforyou,10,3,0,0,1,6
gettingthingsdone,10,0,0,8,0,2
supportlocalbusiness,10,4,0,3,1,2
wodonga,10,0,1,9,0,0
freedomofchoice,10,0,0,0,0,10
coalition,10,9,1,0,0,0
charity,10,0,0,6,0,4
danandrewsmustgo,10,0,0,0,0,10
heritage,10,0,0,5,2,3
youthvoices,10,0,0,10,0,0
firstnations,10,0,2,4,0,4
backto100mill,10,0,0,0,0,10
endmulesing,10,0,10,0,0,0
pumicestone,10,0,0,0,0,10
transport,10,0,0,4,3,3
train,10,0,0,0,8,2
freeaustralia,10,0,0,0,0,10
support,10,0,0,3,3,4
transparency,10,0,0,1,6,3
albanese,10,1,0,5,0,4
lisaforthenationals,10,4,0,0,6,0
queenslanders,10,0,0,10,0,0
jewishclimatenetwork,10,0,0,0,0,10
chaney4curtin,10,10,0,0,0,0
movingmountains,10,0,10,0,0,0
tnl,10,0,0,0,0,10
freevictoria,10,0,0,0,2,8
transportworkersunion,10,0,0,1,9,0
drouin,10,0,0,10,0,0
democrats,10,0,0,10,0,0
buildingbetterhomes,10,10,0,0,0,0
votehearn,10,0,0,0,10,0
mentalhealthawareness,10,0,0,10,0,0
helpfightfamine,10,0,0,10,0,0
generalpractice,10,0,10,0,0,0
councellor,10,0,10,0,0,0
midwife,10,0,10,0,0,0
psychologist,10,0,10,0,0,0
womenweknow,10,10,0,0,0,0
abortioncare,10,0,10,0,0,0
