hashtag,note
auspol,australian politics generic
auspolitics,australian politics generic
politics,generic political tag
politicalnews,generic political tag
politicalrevolution,political organising
auspol2022,2022 federal politics
federalelection,2022 federal election
federalelections2022,2022 federal election
ausvotes,2022 federal election
ausvotes2022,2022 federal election
australiavotes,2022 federal election
australiavotes2022,2022 federal election
election2022,2022 federal election
election22,2022 federal election
elections2022,2022 federal election
electionyear,2022 federal election
election,generic election tag
elections,generic election tag
budget2022,federal budget 2022
budget22,federal budget 2022
budget,generic budget tag
federalbudget,federal budget
parliament,federal parliament
morrisonmustgo,anti-morrison campaign
scomohastogo,anti-morrison campaign
scomohasgottogo,anti-morrison campaign
nomorescomo,anti-morrison campaign
nomorescottmorrison,anti-morrison campaign
scottyfrommarketing,anti-morrison campaign
scottmorrison,morrison reference
albanese,labor leader reference
albo,albanese reference
alboforpm,labor campaign
liberal,liberal party reference
liberals,liberal party reference
liberalslast,anti-liberal campaign
labor,labor party reference
viclabor,victorian labor
thisislabor,labor campaign
laborchangeyourpolicy,labor campaign
greens,greens party reference
coalition,coalition reference
alp,labor party reference
uap,united australia party
uaplast,anti-uap campaign
putlaborlast,partisan campaign
countryliberal,northern territory clp
votethemout,partisan campaign
getthemout,partisan campaign
votehimout,partisan campaign
liberalsout,anti-liberal campaign
nofuelnofuture,policy campaign
defendourndis,ndis policy campaign
ndis,ndis policy
protectmedicare,medicare policy campaign
medicare,medicare policy
costofliving,cost of living election theme
costoflivingcrisis,cost of living election theme
agedcare,aged care policy
changeagedcare,aged care policy
fundthearts,arts funding campaign
rebuildwithtafe,tafe funding campaign
restoreourrebates,rebates policy campaign
defendthendis,ndis policy
raisetheage,raise the age campaign
religiousdiscriminationbill,religious discrimination bill
redtape,red tape election theme
economicrecovery,election campaign theme
strongeconomystrongerfuture,liberal campaign slogan
strongbuilding,coalition campaign slogan
strongbuildingstrongereconomy,coalition campaign slogan
acceleratezero,zero-emissions campaign
climateactionnow,climate election campaign
climateaction,climate election campaign
putclimatefirst,climate election campaign
ourdemocracy,democracy campaign
democracynow,democracy campaign
democracyday,democracy campaign
democracyinaction,democracy campaign
democracylost,democracy campaign
democrats,australian democrats party
integrity,federal icac campaign
integritymatters,federal icac campaign
federalicac,federal icac campaign
fairjustsafecommunities,advocacy campaign
voteindependent,independents campaign
therealindependents,independents campaign
communityindependent,independents campaign
communityindependents,independents campaign
independentsday,independents campaign
voteforchange,election theme
voteforlocal,vote-for campaign
votesmart,vote-for campaign
voteyes,referendum / vote-for
votelocal,vote-for campaign
howtovote,voting
earlyvoting,voting
prepoll,voting
abovetheline,senate voting
vote1,senate vote-1 campaign
vote1columnh,senate vote-1 campaign
vote1carolynpower,candidate vote-1
vote1dyson4wannon,candidate vote-1
vote1bradbery,candidate vote-1
vote1swiv,candidate vote-1
vote1groupd,candidate vote-1
vote1jayamalagupte,candidate vote-1
voteindependent,independents campaign
votenorepublic,referendum
votereason,reason party vote
bennelong,electorate
bringitonbennelong,electorate campaign
cowpervotes,electorate
changeincowper,electorate campaign
caz4cowper,candidate
chaneyforcurtin,candidate
chaney4curtin,candidate
curtinvotes,electorate
wentworthvotes,electorate
dadvsadani,electorate campaign
fighting4melbsnorth,electorate campaign
hometobilo,electorate campaign
jeromelaxale,candidate
northepping,electorate
mornpentogether,electorate campaign
benambra,electorate
billtilley,candidate
john4thenationals,candidate
johnforthenationals,candidate
damienforthenationals,candidate
lisaforthenationals,candidate
felicity4brighton,candidate
michael4mp,candidate
jane4adl,candidate
jacqui4benambra,candidate
jacquihawkins,candidate
kate4state,candidate
janelomaxsmith,candidate
markswivelteam,candidate
memfirst,candidate
ourplanfornarracan,candidate
narracan,electorate
bec4senate,candidate
wakelingforbayswater,candidate
battinforberwick,candidate
delivering4mackay,electorate
deliveringforcanberra,electorate
deliveringfordavenport,electorate
vfcaroline,candidate
votecaroline,candidate
votebradbery,candidate
votehearn,candidate
samsplan,candidate
ypirac,candidate
new4richmond,candidate
newmoonforrichmond,candidate
dulukdelivers,candidate
jacqui4benambra,candidate
teamup4tamar,electorate campaign
teampalmerston,electorate
teamclover,candidate
caringforcomenarra,candidate
chaney4curtin,candidate
zakattoday,candidate
nswpol,nsw politics
vicpol,victorian politics
qldpol,queensland politics
saparli,sa politics
politas,tasmania politics
vicvotes,vic state election
vicelection,vic state election
victorianelection,vic state election
victorianparliament,vic state parliament
vicparliament,vic state parliament
springst,vic state political district
springstreet,vic state political district
nswparliament,nsw parliament
saparli,sa parliament
councilelections,local council elections
councilelection,local council elections
localgovernmentelections,local council elections
councilcandidate,local council elections
adelaidecitycouncil,local council
hobartcity,local council
hobartneedschange,local council campaign
lgtas,local government tasmania
moira4mayor,local council candidate
lordmayor,local council
mayor,local council
victorharbor,local council
ward5,local council ward
saveosher,public service campaign
abcfriends,abc advocacy
abcalumni,abc advocacy
parentpower,policy campaign
backaustralianbusiness,policy campaign
buildingbetterhomes,housing policy
sackdanandrews,vic premier campaign
danmustgo,vic premier campaign
danandrewsmustgo,vic premier campaign
voicetoparliament,voice referendum 2023
referendum2023,voice referendum 2023
fromtheheart,voice referendum 2023
ulurustatement,voice referendum 2023
timeforavoice,voice referendum 2023
indigenousvoice,voice referendum 2023
recognition,voice referendum 2023
freedomofchoice,covid freedom party theme
freevictoria,covid freedom party theme
freeaustralia,covid freedom party theme
keepcalm,covid freedom party theme
omicron,covid politics
covid19,covid politics
covid,covid politics
